Year,Filename,Source
1805,Alexandria daily advertiser. [volume] (Alexandria [Va.]) 1803-1808,american_stories
1805,"Berkeley and Jefferson intelligencer. [volume] (Martinsburg, Va.) 1802-1810",american_stories
1805,"Jenks' Portland gazette. [volume] (Portland, Me.) 1803-1805",american_stories
1805,Jenks' Portland gazette.,american_stories
1805,Portland gazette and Maine advertiser.,american_stories
1805,"Portland gazette and Maine advertiser. (Portland, Me.) 1805-1818",american_stories
1805,Portland gazette.,american_stories
1805,"Portland gazette. [volume] (Portland, Me.) 1805-1805",american_stories
1805,"Rhode-Island Republican. [volume] (Newport, R.I.) 1801-1806",american_stories
1805,"The enquirer. [volume] (Richmond, Va.) 1804-1815",american_stories
1805,"Virginia Argus. [volume] (Richmond, Va.) 1796-1816",american_stories
1805,"A Companion and useful guide to the beauties of Scotland, to the Lakes of Westmoreland, Cumberland, and Lancashire; and to the curiosities of the district of Craven, etc. (A Companion and useful guide to the beauties in the Western Highlands of Scotland, and in the Hebrides, etc.)",blbooks
1805,"A Compendium of Modern Husbandry, principally written during a survey of Surrey; ... illustrative of the best practices in the neighbouring Counties, ... in which is comprised an analysis of manures ... Also an essay on timber, etc",blbooks
1805,"A Complete Verbal Index to the Plays of Shakspeare; adapted to all the editions, etc",blbooks
1805,A Prior Claim; a comedy in five acts [and in prose],blbooks
1805,"A Volunteer Song. (No. II. Abercrombie, Nelson & Smith, etc [A collection of pieces in verse, numbered I.-XI. By Francis Wrangham.])",blbooks
1805,A general view of the writings of Linnæus,blbooks
1805,A guide to the Cathedral Church and collegiate buildings at Ely,blbooks
1805,"A short account of the settlement, produce, and commerce, of Prince of Wales Island in the Straits of Malacca",blbooks
1805,A treatise on the external characters of fossils. Translated from the German ... by T. Weaver,blbooks
1805,"African Memoranda: relative to an attempt to establish a British settlement on the island of Bulama, on the western coast of Africa, in the year 1792, etc [With a map.]",blbooks
1805,"An Elegy on the ... death of ... Lord Viscount Nelson, ... with an address to Britannia",blbooks
1805,An Essay on the spirit and influence of the Reformation by Luther ... Faithfully translated from the last Paris edition by B. Lambert,blbooks
1805,"An authentic narrative of the loss of the Earl of Abergavenny East Indiaman of Portland, 5th Feb. 1805",blbooks
1805,"An historical account of the Black Empire of Hayti; comprehending a view of the principal transactions in the revolution of Saint Domingo, etc",blbooks
1805,"Ancient and Modern Malta: containing a description of the ports and cities of Malta and Goza ... also, the history of the Knights of St. John of Jerusalem ... till the beginning of the 19th century ... With an appendix containing a number of authentic state papers, etc [With plates and a chart.]",blbooks
1805,"Authentic Narrative of the fortunate escape of Mr. R. W. L, who, with Captain R. Youl, M. J. Flower, ... and eleven natives, was captured by the Aza Arabs ... in the Persian Gulph: ... also an account of their journey on foot up the Persian coast, to Nakiloo ... and final arrival at Bushire",blbooks
1805,"County of Down Election, 1805. The Patriotic Miscellany: or Mirror of Wit, Genius and Truth, being a collection of all the publications during the late contested Election between Col. J. Meade and Viscount Castlereagh",blbooks
1805,"Custom's-Fallacy, a dramatic sketch in three acts. Never performed [By James M. Grant.]",blbooks
1805,"Discourses on Davila. A series of papers, on political history. Written in the year 1790, and then published in the Gazette of the United States. By an American citizen [i.e. John Adams, President of the United States of America]",blbooks
1805,"Elegies on the Deaths of Several of her Valuable Friends, etc",blbooks
1805,Familiar Letters from Italy to a Friend in England,blbooks
1805,"Historical ... accounts of ... Chepstow Castle: including Persfield ...also ... biographical anecdotes ... of H. Masters, etc",blbooks
1805,"History of all the events and transactions which have taken place in India: containing the negotiations of the British Government, relative to the glorious success of the late war [Retranslated from the French translation published in the 'Moniteur' by J. J. Stockdale.]",blbooks
1805,"History of the rise, progress, and termination of the American Revolution; interspersed with biographical, political and moral observations",blbooks
1805,"John Bull; or, and Englishman's fireside. A comedy in five acts, etc",blbooks
1805,"Journal of three years travels through different parts of Great Britain, in 1795, 1796, 1797 [By John Henry Manners.]",blbooks
1805,"Letters from France, written ... in the months of August, September, October, and November, 1802 ... The second edition, revised and corrected, etc",blbooks
1805,"Letters from Paraguay: describing the settlements of Monte Video and Buenos Ayres; the presidencies of Rioja Minor, Nombre de Dios, St. Mary and St. John ... with the manners, customs, religious ceremonies, &c. of the inhabitants, etc",blbooks
1805,"Memoires: comprising the navigation to and from China, by the China Sea, and through the various straits and channels in the Indian Archipelago; also, the navigation of Bombay Harbour",blbooks
1805,Miscellaneous Plays,blbooks
1805,"Miscellanies, antiquarian and historical",blbooks
1805,Monody to the memory of ... C. Nisbet [By Charles Keith.],blbooks
1805,"Narrative of a Voyage to Brasil; ... with general sketches of the country, and a description of the city and provinces of St. Salvadore and Porto Seguro, etc",blbooks
1805,"Notes upon some of the obscure Passages in Shakespeare's Plays; with Remarks upon the Explanations and Amendments of the Commentators in the Editions of 1785, 1790, 1793 [Edited by T. Penrice.]",blbooks
1805,Notices historiques de la ville de Saluces,blbooks
1805,"Observations on the present state of the Highlands of Scotland, with a view of the causes an probable consequences of emigration",blbooks
1805,"Of Age To-morrow: a musical entertainment in two acts etc [An adaptation of A. F. F. von Kotzebue's 'Der Wildfang,' by T. J. Dibdin.]",blbooks
1805,"Poems chiefly written in retirement. The Fairy of the Lake, a dramatic romance; Effusions of Relative and Social Feeling; and specimens of the Hope of Albion, or Edwin of Northumbria; an epic poem ... With a prefatory Memoir of the life of the author and notes and illustrations of Runic mythology. (Second edition.)",blbooks
1805,"Poems, suggested chiefly by scenes in Asia-Minor, Syria, and Greece with prefaces extracted from the author's journal. Embellished with two views, etc. (Translations from the Arabic.-Original poems.)",blbooks
1805,Poems. Dedicated ... to her Grace the Duchess of Manchester,blbooks
1805,Poetic sketches,blbooks
1805,"Rhymes on Art; or the Remonstrance of a Painter; with notes and a preface, including strictures on the state of the arts, criticism, patronage, and public taste",blbooks
1805,"Richard Cœur de Lion, etc [Translated by the Right Hon. John Burgoyne.]",blbooks
1805,"Select Miscellaneous Productions, of Mrs Day, and Thomas Day, Esq. in verse and prose: also, some detached pieces of poetry, by Thomas Lowndes, Esq. consisting of the first 52 pages",blbooks
1805,Some Passages in Plantagenet Paul's Life. By Himself,blbooks
1805,Statistical account of the United States of America. Translated from the French by W. Playfair: with an addition on the trade to America,blbooks
1805,"The Anti-Corsican, a poem, in three cantos; inscribed to the Volunteers of Great-Britain [A satire against Napoleon. By Matthew Rolleston.]",blbooks
1805,"The Beauties of England and Wales; or, Delineations, topographical, historical, and descriptive, of each country. Embellished with engravings. (vol. 1-6 by E. W. Brayley and J. Britton; vol. 7 by E. W. Brayley; vol. 8 by E. W. Brayley; vol. 9 by J. Britton; vol. 10, pt. 1, 2, by E. W. Brayley; vol. 10, pt. 3 by the Rev. Joseph Nightingale; vol. 10, pt. 4 by J. Norris Brewer; vol. 11 by the Rev. J. Evans and J. Britton; vol. 12, pt. 1 by the Rev. J. Hodgson and Mr. F. C. Laird; vol. 12, pt. 2 by J. N. Brewer; vol. 13 by the Rev. J. Nightingale; vol. 14 by Frederic Shoberl; vol. 15 by J. Britton, J. Norris Brewer, J. Hodgson, F. C. Laird; vol. 16 by John Bigland; vol. 17 by the Rev. J. Evans; vol. 18 by Thomas Rees.) L.P",blbooks
1805,"The Delinquent, or Seeing Company. A comedy in five acts [and in prose]",blbooks
1805,"The English Fleet, in 1342; an historical comic opera, in three acts, etc",blbooks
1805,The Experienced Farmer's Tour in America: exhibiting the American system of agriculture and breeding of cattle. To which are added sketches published by J. B. Boadley,blbooks
1805,The Fig-Leaf: a satirical and admonitory poem. Dedicated ... to the fashionable world [By B. P. Culham.] Second edition,blbooks
1805,"The Geo-chronolgy of Europe; or, an Epitome of the geography and chronology, with the ... history of the several kingdoms ... comprised in that quarter of the world, adapted to the capacities of children ... Illustrated by a ... map ... on which is described the chronological succession of the sovereigns of the various countries ... by M. Wauthier",blbooks
1805,"The History and Antiquities of ... Newark, in the County of Nottingham ... with biographical sketches, etc. pt. 1",blbooks
1805,The History and Antiquities of the Deanery of Craven in the County of York [With plates.],blbooks
1805,The History of England ... The second edition,blbooks
1805,"The History of Modern Europe ... A new edition ... revised, etc",blbooks
1805,"The History of the Orkney Islands: in which is comprehended an account of their present as well as their ancient state ... With plates, etc",blbooks
1805,"The Honey Moon; a comedy in five acts [chiefly in verse], etc",blbooks
1805,"The Hythe and Sandgate Guide; embellished with a new panorama picturesque plan, containing engraved likenesses of those places, etc",blbooks
1805,The Journal of a tour into the territory north west of the Alleghany Mountains made in ... 1803. With a geographical and historical account of the State of Ohio,blbooks
1805,The Lady of the Rock; a melo-drame in two acts [and in prose],blbooks
1805,"The Land We Live in: a comedy, in five acts ... Second edition",blbooks
1805,"The Land we live in; a comedy in five acts [and in prose] ... Third edition, etc",blbooks
1805,"The Lay of the Last Minstrel, a poem",blbooks
1805,"The Life and Adventures of Toby, the Sapient Pig; with his opinions on men and manners. Written by himself, etc",blbooks
1805,The Life and Pontificate of Leo the Tenth. (Dissertation on the character of Lucrezia Borgia.-F. Arsilli de Poetis Urbanis ad P. Jovium libellus.),blbooks
1805,"The Life of Professor Gellert; with a course of Moral Lessons, delivered by him in the university of Leipsick; taken from a French translation of the original German, by Mrs. Douglas",blbooks
1805,"The Melviad; or the Birth, parentage, education and achievements of a grete Mon (Harry D- [i.e. Henry Dundas, Viscount Melville]) . Addressed to the Commissioners, &c. &c. &c. by I-Spy-I [In verse.] Third edition",blbooks
1805,"The Plays of Philip Massinger ... With notes critical and explanatory, by W. Gifford. (Essay on the Dramatick Writings of Massinger by J. Ferriar.)",blbooks
1805,The Point of Honour: a play in three acts [and in prose] . Taken from the French [of 'Le Deserteur' by L. S. Mercier],blbooks
1805,"The School for Friends, a comedy, in five acts, etc",blbooks
1805,"The School of Reform; or, How to Rule a Husband: a comedy, in five acts [and in prose], etc",blbooks
1805,"The Soldier of Fortune, a comedy in five acts [and in prose]",blbooks
1805,The Soldier's Daughter ... The eighth edition,blbooks
1805,"The Soldier's Return; or, What can Beauty do? A comic opera, in two acts [By Theodore Hook.]",blbooks
1805,"The Trident of Albion, an epic effusion; and an oration on the influence of elocution on martial enthusiasm; with an address to the Shade of Nelson, delivered ... on occasion of the late glorious naval victory. To which is prefixed an introductory discourse on the nature and objects of elocutionary science",blbooks
1805,"The Venetian Outlaw, a drama in three acts ... Translated [from the French translation of J. H. D. Zschokke's 'Abällino, oder der grosse Bandit'] and adapted to the English stage by R. W. Elliston",blbooks
1805,"The Weathercock: a farce, etc",blbooks
1805,"The Woodman's Tale, after the manner of Spenser. To which are added other poems ... and the Royal Message, a drama",blbooks
1805,"The Young Rosciad [i.e. W. H. W. Betty], an admonitory poem well-seasoned with Attic salt ... By Peter Panglos, etc",blbooks
1805,The antiquities of Furness ... 1774,blbooks
1805,"The cabinet: a comic opera, in three acts, etc",blbooks
1805,"The fugitive and other literary works, in prose and poetry, of G. M. W",blbooks
1805,"The narrative of Captain D. W. and four seamen, who lost their ship while in a boat at sea, and surrendered themselves up to the Malays, in the Island of Celebes; ... Together with an introduction, and an Appendix, containing narratives of various escapes from shipwrecks, etc [Edited by W. Vaughen.]",blbooks
1805,"The poetical works of Oliver Goldsmith, with an account of his life and writings, to which is added a critical dissertation on his poetry, by J. Aikin",blbooks
1805,The principles of Moral Science,blbooks
1805,To marry or not to marry: a comedy in five acts [and in prose],blbooks
1805,"Tobias: a poem, in three parts",blbooks
1805,"Travels in China: containing descriptions, observations and comparisons made and collected in the course of a short residence at the Imperial Palace of Yuen-min-yuen, and on a subsequent journey from Pekin to Canton",blbooks
1805,"Travels in Europe, Asia Minor, and Arabia",blbooks
1805,"Travels in Trinidad, during ... February, March and April, 1803. In a series of letters, etc",blbooks
1805,"Travels to Discover the Source of the Nile in the Years 1768, 1769, 1770, 1771, 1772 and 1773. (vol. v. Select Specimens of Natural History collected in travels to discover the source of the Nile, etc.)",blbooks
1805,Travels to the westward of the Allegany Mountains ... Translated ... by B. Lambert,blbooks
1805,"Vaccination; or, Beauty Preserved; a poem",blbooks
1805,"Victory in Tears; or, the Shade of Nelson. A tribute to the memory of that immortal hero, etc [In verse.]",blbooks
1805,Voyage pittoresque au Cap Nord,blbooks
1805,"Who wants a Guinea? A comedy, in five acts, etc",blbooks
1805,"Youth, Love & Folly, a comic opera, etc",blbooks
1805,Vaderlandsche letteroefeningen. Jaargang 1805,dbnl
1805,Bataafsche staats-courant,delpher
1805,PlakkaatboekDeel12,plakaatboek
1805,PlakkaatboekDeel13,plakaatboek
1805,PlakkaatboekDeel14,plakaatboek
1805,PlakkaatboekDeel16,plakaatboek
1806,Alexandria daily advertiser. [volume] (Alexandria [Va.]) 1803-1808,american_stories
1806,"Berkeley and Jefferson intelligencer. [volume] (Martinsburg, Va.) 1802-1810",american_stories
1806,Portland gazette and Maine advertiser.,american_stories
1806,"Portland gazette and Maine advertiser. (Portland, Me.) 1805-1818",american_stories
1806,"Rhode-Island Republican. [volume] (Newport, R.I.) 1801-1806",american_stories
1806,"The enquirer. [volume] (Richmond, Va.) 1804-1815",american_stories
1806,"Virginia Argus. [volume] (Richmond, Va.) 1796-1816",american_stories
1806,"A Hint to Husbands: a comedy, etc",blbooks
1806,A History of Ireland from the earliest accounts to the accomplishment of the Union with Great Britain in 1801,blbooks
1806,"A Political Index to the Histories of Great Britain and Ireland; or, a complete register of the hereditary honours, public offices and persons in office, from the earliest periods to the present time",blbooks
1806,"A Voyage to Cochin China, in the years 1792, and 1793: containing a general view of the productions, and political importance of this kingdom; and also of such European settlements as were visited on the voyage, with sketches of the manners, character, and condition of their inhabitants. To which is annexed an account of a journey, made in the years 1801 and 1802, to the residence of the chief of the Booshuana nation ... from a manuscript journal [by - Truter] with a chart of the route, etc",blbooks
1806,"A Voyage to the eastern part of Terra Firma, or the Spanish Main, in South America ... with a large map of the country, etc. Translated by an American gentleman [The introduction translated by S. L. Mitchill.]",blbooks
1806,"Adelgitha; or, the Fruits of a single error. A tragedy, etc",blbooks
1806,"Adelgitha; or, the fruits of a single error. A tragedy in five acts [and in verse] . Fourth edition",blbooks
1806,"Admonition, a poem on the fashionable modes of female dress; with miscellaneous pieces; in verse",blbooks
1806,"Adrian and Orrila; or, a Mother's vengeance. A play, in five acts, etc",blbooks
1806,"Alfred and Emma, a play in five acts founded on the Red Cross Knights ['Die Kreuzfahrer'] of Baron von Kotzebue",blbooks
1806,"An Account of Prince Edward Island, etc",blbooks
1806,"An Account of a Voyage up the Mississippi River, from St. Louis to its source made under the orders of the war department by lieut. Pike ... in 1805 and 1806. Compiled from Mr. Pike's journal",blbooks
1806,"An Historical Account of Corsham House in Wiltshire, the seat of Paul Cobb Methuen, Esq. With a catalogue of his celebrated collection of pictures, etc",blbooks
1806,An Introduction to Modern Geography; familiarized by a set of skeleton maps and references,blbooks
1806,"An attempt to vindicate the American character, being principally a reply to the ... animadversions of T. M [in his 'Epistles.' In verse.]",blbooks
1806,"Catch him who can: a musical farce, in two acts, etc",blbooks
1806,"Discoveries made in exploring the Missouri, Red River and Washita, by Captains Lewis and Clark, Doctor Sibley, and W. Dunbar, Esq. with a statistical account of the countries adjacent. With an appendix by Mr. Dunbar",blbooks
1806,Economica: a statistical manual for the United States of America,blbooks
1806,"Edgar; or, Caledonian Feuds. A tragedy [in five acts and in verse]",blbooks
1806,Elegiac Stanzas on the Right Hon. C. J. Fox,blbooks
1806,English Lyricks. The second edition,blbooks
1806,"Epistles, Odes, and other poems",blbooks
1806,"Essais, variétés historiques et notices sur la ville de Libourne et ses environs",blbooks
1806,"Five Miles off: or, the Finger-Post; a comedy, in three acts, etc [With a prologue and epilogue by George Colman.]",blbooks
1806,"Fragment of a tragedy lately acted at the British Museum [A burlesque, by S. Weston on the loss of certain prints from Mr. Cracherode's collection.]",blbooks
1806,"Gleanings in Africa; exhibiting a faithful and correct view of the manners and customs of the inhabitants of the Cape of Good Hope ... Interspersed with observations ... on the state of slavery ... In a series of letters from an English officer, etc [With plates.]",blbooks
1806,"Histoire de l'état de Liège, par le Comte de Mirabeau. Seconde édition, revue avec soin, et publiée par un de ses amis, Membre de l'Institut [A. Serieys]",blbooks
1806,"History of the Campaign of 1805 in Germany, Italy, the Tyrol, &c",blbooks
1806,"Homographia; an essay on the proportions of man's body, hitherto unknown, or undescribed ... With an appendix on the monuments of the ancients, etc",blbooks
1806,"Indian Antiquities: or, Dissertations relative to the ancient geographical divisions, the ... primeval theology, the grand code of civil laws, the original form of government, and the ... literature of Hindostan, compared ... with the religion, laws, government and literature of Persia, Egypt and Greece. The whole intended as introductory to ... the History of Hindostan",blbooks
1806,"Inkle and Yarico ... As performed at the Theatres Royal, Covent Garden and Haymarket ... Printed ... from the prompt book. With remarks by Mrs. Inchbald",blbooks
1806,"Introduction to the History of Cambria, from the first invasion of Britain by the Romans to ... 1188, etc [By Sir R. C. Hoare, Bart.] Progress of Architecture from a period nearly coeval with the Conqueror, to the sixteenth century, illustrated by a series of designs taken from existing remains in South Wales, etc [Reprinted from a work entitled 'The Itinerary of Archbishop Baldwin through Wales, A.D. 1188, by G. de Barri. Translated into English, with ... annotations, ... by Sir R. C. Hoare, Bart.']",blbooks
1806,"Journal of the Transactions in Scotland, during the contest between the adherents of Queen Mary, and those of her son, 1570, 1571, 1572, 1573 [Edited by J. G. Dalyell.]",blbooks
1806,"Lausus & Lydia, with Madam Bonso's Three Strings to her Bow; or, Three Bows to her String!!! [The dedication signed: A. B. C, i.e. Sarah Lawrence.]",blbooks
1806,"Lettres, ou Voyage pittoresque dans les Alpes, en passant par la route de Lyon et le Mont-Cénis; suivi d'un recueil de vues des monumens antiques de Rome ... en 48 planches et un frontispice: dessinées d'après nature et gravées ... par Baltard. Ms. notes",blbooks
1806,Madoc [A poem.],blbooks
1806,Magna Britannia; being a concise topographical account of the several counties of Great Britain [With copious illustrations.] vol. 1-6. L.P,blbooks
1806,"Memoirs of the Courts of Berlin, Dresden, Warsaw, and Vienna ... Third edition",blbooks
1806,Modern Geography ... Abridged from the larger work,blbooks
1806,"Notes on the West Indies: written during the expedition under the command of the late General Sir R. Abercrombie: including observations on the Island of Barbadoes, &c. ... likewise remarks relating to the Creoles and Slaves of the Western Colonies and the Indians of South America, etc",blbooks
1806,"Observations on the Nature and Tendency of the Doctrine of Mr. Hume, concerning the relation of cause and effect [By Thomas Brown.]",blbooks
1806,Poems [Edited by P. Inchbald. With two autograph letters from the editor to Archdeacon Wrangham.],blbooks
1806,"Poetical Recreations, etc",blbooks
1806,Poétique Anglaise,blbooks
1806,"Rays of Genius, collected to enlighten the rising generation. By T. Tomkins",blbooks
1806,"Reize naar de Middellandsche Zee in de Jaren 1777-79, etc",blbooks
1806,"Rugantino: or, The bravo of Venice ... The second edition",blbooks
1806,"Selections and original articles, for Mr. Thelwall' Lectures on the science and practice of Elocution; together with the Introductory Discourse and Outlines",blbooks
1806,Socrates: a dramatic poem. Written on the model of the ancient Greek tragedy,blbooks
1806,"Songs, duets, chorusses, etc, in the White Plume, or the Border Chieftains [by T. J. Dibdin]",blbooks
1806,"Spanish Dollars! or, The Priest of the parish. An operatic sketch ... The music by J. Davy",blbooks
1806,"The Bees: a poem, in four books. With notes, moral, political, and philosophical",blbooks
1806,"The British Miscellany: or, coloured figures of new, rare, or little known animal subjects, etc. vol. I, vol. II",blbooks
1806,"The Climate of Great Britain; or, remarks on the change it has undergone, particularly within the last fifty years, etc",blbooks
1806,The Fall of Mortimer; a tragedy in five acts [and in verse],blbooks
1806,"The Fall of the Mogul, a tragedy [in five acts, in verse ... With other occasional poems. By the author of Indian Antiquities [T. Maurice] ]",blbooks
1806,"The Geo-chronolgy of Europe; or, an Epitome of the geography and chronology, with the ... history of the several kingdoms ... comprised in that quarter of the world, adapted to the capacities of children ... Illustrated by a ... map ... on which is described the chronological succession of the sovereigns of the various countries ... by M. Wauthier",blbooks
1806,The Laughable Lover. A comedy in five acts [and in prose],blbooks
1806,The Love of Glory: a poem,blbooks
1806,"The Origin of the Distinction of Ranks ... The third edition, corrected and enlarged",blbooks
1806,The Poetical Works of Erasmus Darwin ... Containing the Botanic Garden ... and the Temple of Nature. With philosophical notes and plates,blbooks
1806,"The Poetical Works of the late Mrs. Mary Robinson, including many pieces never before published [Edited by her daughter Miss M. E. Robinson.]",blbooks
1806,"The Poll for Members of Parliament ... November, 1806, etc",blbooks
1806,"The Prose Works of John Milton; with a life of the author, interspersed with translations and critical remarks, by C. Symmons",blbooks
1806,"The Reign of Philanthropy; or, the Auspices of the New Ministry: a poem. With characteristical notices",blbooks
1806,"The School for Friends, a comedy, in five acts, etc",blbooks
1806,"The Songs, Duets ... &c. in the new splendid melodramatic tale of enchantment, called the Cloud King, or Magic rose; principally founded on the ... ballet of Zemire and Azor ... Blended with the poetical episode of the Cloud King, written by M. G. Lewis, Esq. and published in his Tales of Wonder ... The whole adapted ... and produced by Mr. Cross",blbooks
1806,"The Speculum: in two dialogues [in verse], addressed to the author of the Pursuits of Literature [i.e. Thomas James Mathias] . By W. A. B-b. (A translation of the Latin and French passages that occur, etc.)",blbooks
1806,"The Three and the Deuce! A comic drama, in three acts [in prose]",blbooks
1806,The Travellers; or Music's fascination ... The third edition,blbooks
1806,"The Travellers; or, Music's fascination: an operatic drama, in five acts, etc",blbooks
1806,"The Weathercock: a farce, etc",blbooks
1806,"The Works of Samuel Johnson, LL.D. A new edition ... With an essay on his life and genius by Arthur Murphy [With a portrait. Edited by A. Chalmers.]",blbooks
1806,"The history of Scotland ... The thirteenth edition, with alterations and additions",blbooks
1806,"The miscellaneous works of Oliver Goldsmith, M.B. A new edition ... To which is prefixed, some account of his life and writings [by Thomas Percy, Bishop of Dromore] [Edited by Samuel Rose.]",blbooks
1806,"The works of Henry Fielding, Esq.; with the life of the author [signed: Arthur Murphy] . A new edition, to which is now first added, The feathers; or, The goodnatured man",blbooks
1806,"Three Lyric Odes, on late celebrated occasions",blbooks
1806,"Travels after the Peace of Amiens through parts of France, Switzerland, Italy, and Germany",blbooks
1806,"Travels from St. Petersburg in Russia, to diverse parts of Asia [With a map.]",blbooks
1806,"Travels in Africa, Egypt, and Syria, from the year 1792 to 1798 [With maps and a frontispiece.]",blbooks
1806,Travels in China ... In which it is attempted to appreciate the rank that this extraordinary empire may be considered to hold in the scale of civilised nations ... Illustrated with several engravings. The second edition,blbooks
1806,"Travels into the Interior of South Africa ... The second edition, with additions and alterations. Illustrated, etc",blbooks
1806,"Travels of Anacharsis the Younger in Greece during the middle of the Fourth Century before the Christian Era ... The fourth edition ... With Memoirs of the life of J. J. Barthélemy, written by himself, etc [Translated by William Beaumont.]",blbooks
1806,"True Greatness; or, tributary stanzas to the glorious memory of Lord Viscount Nelson, etc [By T. Sansom.]",blbooks
1806,"Ulm and Trafalgar [A poem, by the Right Hon. George Canning.]",blbooks
1806,Verses on the Victory of Trafalgar; and the Death and Funeral of ... Lord Nelson,blbooks
1806,"Verses written in Westminster Abbey, after the funeral of the Right Hon. Charles James Fox, October 10, 1806 [By Samuel Rogers.]",blbooks
1806,"Views in Suffolk, Norfolk, and Northamptonshire, illustrative of the works of Robert Bloomfield ... to which is annexed a memoir of the poet's life",blbooks
1806,"Ways and Means, etc",blbooks
1806,"[The Works of George Villiers ... Edited by T. Percy, Bishop of Dromore.] MS. notes",blbooks
1806,"Élémens de l'histoire de l'ancienne Helvétie et du canton de Vaud, etc",blbooks
1806,Vaderlandsche letteroefeningen. Jaargang 1806,dbnl
1806,Bataafsche staats-courant,delpher
1806,Koninglyke staats-courant,delpher
1806,PlakkaatboekDeel13,plakaatboek
1806,PlakkaatboekDeel14,plakaatboek
1806,PlakkaatboekDeel15,plakaatboek
1807,Alexandria daily advertiser. [volume] (Alexandria [Va.]) 1803-1808,american_stories
1807,"Berkeley and Jefferson intelligencer. [volume] (Martinsburg, Va.) 1802-1810",american_stories
1807,Portland gazette and Maine advertiser.,american_stories
1807,"Portland gazette and Maine advertiser. (Portland, Me.) 1805-1818",american_stories
1807,"The Wheeling repository. [volume] (Wheeling, Va. [W. Va.]) 1807-1808",american_stories
1807,"The enquirer. [volume] (Richmond, Va.) 1804-1815",american_stories
1807,"Virginia Argus. [volume] (Richmond, Va.) 1796-1816",american_stories
1807,"A Concise Gazetteer of the Most Remarkable Places in the World; with brief notices of the principal historical events ... connected with them, etc",blbooks
1807,"A Connected Series of Notes on the Chief Revolutions of the Principal States which composed the Empire of Charlemagne, from his coronation in 814, to its dissolution in 1806: on the genealogies of the imperial house of Habsburgh, and of the six secular Electors of Germany, etc",blbooks
1807,"A General View of the World, geographical, historical and philosophical; on a plan entirely new",blbooks
1807,"A Journey from Madras through the Countries of Mysore, Canara and Malabar",blbooks
1807,"A Refutation of a pamphlet, entitled 'A Defence of an Appeal, etc. by S. Yockney; relative to a late canvas in the Parish of Saint Paul, Covent Garden [By J. Sant, etc.]",blbooks
1807,A Reply to the Strictures of the Edinburgh Review on the Foreign Policy of Marquis Wellesley's Administration in India; comprising an examination of the late transactions in the Carnatic,blbooks
1807,"A Sketch of a tour on the Continent, in the years 1786 and 1787",blbooks
1807,"A Tour round the Baltic, thro the Northern Countries of Europe ... Fourth edition ... augmented",blbooks
1807,A Voyage to South-America: ... undertaken ... by G. Juan and A. de U. ... Translated from the original Spanish [of A. de U. by J. Adams] . Illustrated with copper plates,blbooks
1807,"A defence of an Appeal, etc. relative to a late Canvass in the Parish of Covent Garden for the office of Churchwarden, in answer to a reply to that Appeal. To which is subjoined a Letter on the same subject by W. Yockney",blbooks
1807,"A journey into England in the year 1598 [being a part of the Itinerary of P. H. translated by R. Bentley. Edited by Horace Walpole, Earl of Oxford] . Lat. and Eng",blbooks
1807,"A tour through Sicily and Malta. In a series of letters to William Beckford, Esq, ... A new edition",blbooks
1807,Affection; with other poems,blbooks
1807,All the Blocks! or an Antidote to 'All the Talents' [by Polypus] . A Satirical Poem. In three dialogues. By Flagellum,blbooks
1807,"All the Talents' Garland; or, a Few Rockets let off at a celebrated Ministry [By James Sayers.] ... Second edition",blbooks
1807,All the Talents. ... By Polypus. Fourth edition,blbooks
1807,All the talents ... Tenth edition,blbooks
1807,"All the talents; a satirical poem, in three dialogues. By Polypus ... Seventh edition",blbooks
1807,"An Authentic Narrative of the Proceedings of the Expedition under the Command of Brigadier-Gen. Craufurd; until its arrival at Monte-Video; with an account of the operations against Buenos Ayres under the command of Lieut.-Gen. Whitelocke. By an Officer of the Expedition [i.e. John Whitelocke] [With plates, including maps.]",blbooks
1807,"An Episcopal Charge [A satirical poem on G. Pretyman, afterwards Tomline, Bishop of Lincoln.]",blbooks
1807,An Essay on the Nature and Immutability of Truth ... The third edition,blbooks
1807,An Historical Apology for the Irish Catholics,blbooks
1807,An Historical and Critical Account of Winchester Cathedral ... Second edition,blbooks
1807,"An appeal to the candour and good sense of the Parishioners of Saint Paul, Covent Garden, relative to a late canvass in the Parish for the office of Churchwarden",blbooks
1807,"An epitome of Mr. G.'s History of Peterborough Cathedral [By C. J, i.e. Jacob.] The eleventh edition, etc",blbooks
1807,An historical account of Ludlow Castle,blbooks
1807,An historical and descriptive account of the Town of Lancaster; collected from the best authorities; illustrated with four engravings [By C. Clark.],blbooks
1807,"Attempts at Poetry, or trifles in verse. By Ebn Osn [anagram of Benson], of Pentonville",blbooks
1807,"Caledonia: or, an Account, historical and topographic, of North Britain; from the most ancient to the present times: with a dictionary of places, chorographical and philological",blbooks
1807,"Critical opinion and complimentary verses on the Poems of H. D, particularly on those addressed to Thespia. Edited by a Friend. To the above are added, Verses occasioned by the death of Lieut. General Simcoe",blbooks
1807,"De la Vertu; par S. Maréchal ... précédé d'une notice sur cet écrivain; et suivi du Livre de tous les âges, par le même auteur. Avec portrait",blbooks
1807,"Dissertation on the Gipseys, etc. (Translated by the late M. Raper.)",blbooks
1807,"Eccentric excursions; or, literary and pictorial sketches of countenance, character and country in different parts of England and South Wales ... Embellished with ... prints [by J. Cruikshank]",blbooks
1807,"Effusions in Verse; being a collection of addresses, tales, &c. spoken for some years past at public academical recitations",blbooks
1807,"Elijah's Mantle [With reference to the death of Pitt. By J. Sayers.] The sixth edition, corrected by the author",blbooks
1807,Elijah's Mantle; a poem [By J. Sayers. A tribute to the memory of Pitt.] Two MS. notes [by the author],blbooks
1807,"Ella Rosenberg: a Melo-drama, in two acts [in prose]",blbooks
1807,Exodus; an epic poem,blbooks
1807,"False Alarms; or, My Cousin, a comic opera in three acts [in prose, with songs]",blbooks
1807,"Historiæ Anglicanæ circa tempus Conquestus Angliæ a Gulielmo Notho, Normannorum Duce, Selecta Monumenta. Excerpta ex magno volumine, cui titulus est 'Historiæ Normannorum scriptores antiqui, a doctissimo viro Andrea Duchesne' ... olim edito, Lutetiæ Parisiorum, A.D. 1619, cum notis plurimis Anglico sermone ad illustrandum textum conscriptis a F. Maseres, etc",blbooks
1807,"History of the Viceroyalty of Buenos Ayres, etc",blbooks
1807,"Holinshed's Chronicles of England, Scotland and Ireland",blbooks
1807,"Hours of Idleness, a series of poems, original and translated [Forty poems, of which twenty-eight are reprinted from 'Poems on Various Occasions,' and twelve are new.]",blbooks
1807,"Juvenile Poems. To which is prefixed, a short account of the author",blbooks
1807,"Literary Relics; consisting of the comedy of 'The Fugitive,' and a few short poems: with a sketch of the life of the author",blbooks
1807,"Logick; or, an Essay on the elements, principles, and different modes of reasoning. Volume 1",blbooks
1807,"Madagascar: or, Robert Drury's Journal, during fifteen years captivity on that island ... The whole ... illustrated with a sheet map of Madagascar, and cuts. Written by himself [or rather, by D. Defoe?], etc [With 'A Vocabulary of the Madagascar Language.']",blbooks
1807,"Metrical Legends, and other poems",blbooks
1807,"Observations on a journey through Spain and Italy to Naples; and thence to Smyrna and Constantinople, etc",blbooks
1807,Observations on the Fairy Queen of Spenser ... The second edition,blbooks
1807,"Peter the Great: or, the Wooden walls. An operatic drama, in three acts",blbooks
1807,"Pieces of Irish history, illustrative of the condition of the Catholics of Ireland, of the origin and progress of the political system of the United Irishmen; and of their transactions with the Anglo-Irish government. Published by W. J. MacNeven",blbooks
1807,Poems and Songs on the times,blbooks
1807,Poems on various subjects: Scots and English. In two parts,blbooks
1807,"Poems, consisting of the following pieces, viz. I. Ode ... upon the death of Mr Gray. II. For the monument of a favourite spaniel, etc",blbooks
1807,"Poems, containing sketches of northern mythology, &c. ... Third edition",blbooks
1807,"Port of London. Bye-laws (rules, orders, and regulations, made ... this 25th day of June ... 1806, by the Mayor, Aldermen, and Commons, of the City of London, in Common Council assembled, for the good government of the Harbour Masters of the Port of London ... and for the ... navigating, placing, mooring, unmooring and removing, of ships ... in the River Thames etc.)",blbooks
1807,"Précis du siége de Dantzick, fait par l'armée française en avril et mai 1807",blbooks
1807,Recherches sur la nature et les lois de l'imagination,blbooks
1807,Reflections on the late Proceedings and discussion concerning the Roman Catholics: respectfully addressed to the inhabitants of Hull,blbooks
1807,"Reize naar de Caribische Eilanden, in de Jaren 1780-81 door C. de J. toen ter tijd als Luitenant dienende aan boord van s'lands schip van oorlog Mars, onder bevel van den Schout bij Nacht W. Krul",blbooks
1807,"Remarks on the best method of barring Dower ... Now republished ... with additions ... and ... an appendix, etc",blbooks
1807,"Reply to an Appeal, etc. by S. Yockney, relative to a late canvass in the Parish of Saint Paul, Covent Garden, for the office of Churchwarden [By J. Sant, etc.]",blbooks
1807,"Review of the Affairs of India, from the year 1798, to the year 1806, etc",blbooks
1807,"Saul; a poem, in two parts",blbooks
1807,Selection of poems [Edited by C. Snart.],blbooks
1807,"Songs, Chorusses, &c. in Peter the Great, or the Wooden Walls; an operatic drama, in three acts [By A. Cherry.]",blbooks
1807,"Specimen of an English Homer, in blank verse [Being translations of the Iliad I. 1-222, and VI. 404-496.]",blbooks
1807,"Statistical survey of the County of Wexford, drawn up for the consideration, and by order of the Dublin Society, etc",blbooks
1807,"Sympathy, and other poems, including Landscapes in verse, and Cottage-pictures. Revised and enlarged ... With engravings by Cardon, after drawings by Loutherbourg and Barker",blbooks
1807,"Tafereel der Stad Haarlem en derzelver Geschiedenis, etc",blbooks
1807,"The Ancient and Modern History of Nice; comprehending an account of the foundation of Marseilles: to which are prefixed descriptive observations on the nature, produce, and climate, of the territory of the former city, and its adjoining towns: with an introduction, containing hints of advice to invalids, who, with the hope of arresting the progress of disease, seek the renovating influence of these salubrious climes",blbooks
1807,"The Christian: a poem, etc",blbooks
1807,The Commerce and Navigation of the Ancients in the Indian Ocean,blbooks
1807,The Curfew ... The fourth edition,blbooks
1807,"The Curfew; a play, in five acts [in verse and prose], etc",blbooks
1807,"The Epics of the Ton, or Glories of the Great World; a poem in two books, with notes and illustrations [By Lady Anne Hamilton.] Second edition, with considerable additions. MS. notes",blbooks
1807,"The Exodiad, a poem. By the authors of Calvary (R. Cumberland) and Richard the First [i.e. Sir J. B. Burges, afterwards Lamb]",blbooks
1807,"The Feast of Galilee, in humble imitation of Elijah's Mantle. With additions and notes [A political satire, in verse.]",blbooks
1807,"The Fortress, a melo-drama, in three acts [and in prose with songs], from the French, etc",blbooks
1807,"The Groans of the Talents; or private sentiments on public occurences. In six Epistles from certain Ex-Ministers to their colleagues ... intercepted. To which are added, Notes, critical, explanatory and edifying [A political satire, in verse.]",blbooks
1807,"The Guinea Voyage, a poem",blbooks
1807,"The History of England to the Revolution in 1688. New edition, with the author's last corrections, etc",blbooks
1807,"The History of France under the Kings of the race of Valois, from the accession of Charles the Fifth, in 1364, to the death of Charles the Ninth, in 1574 ... Third edition, with ... additions",blbooks
1807,"The History of Gustavus Adolphus ... To which is prefixed, an essay on the military state of Europe ... The third edition, with ... additions; including the Appendix; revised ... by J. J. Stockdale, etc",blbooks
1807,"The History of Mexico. Collected from Spanish and Mexican historians, from manuscripts, and ancient paintings of the Indians. Illustrated by charts, and other copper plates ... Translated ... by Charles Cullen, etc",blbooks
1807,The History of the Helvetic Confederacy,blbooks
1807,"The History of the World from the reign of Alexander to that of Augustus, comprehending the latter ages of European Greece, and the history of the Greek Kingdoms in Asia and Africa ... With a preliminary survey of Alexander's conquests, etc",blbooks
1807,"The Journal of a Tour to the Hebrides, with Samuel Johnson, LL.D. ... The fourth edition, revised and corrected [With a portrait.]",blbooks
1807,"The Kentish Chronologer and index to the principal places and objects worthy of observation in the county of Kent. Comprising a list of the nobility, lord lieutenants, baronets, high sheriffs, and various other interesting matters. Selected and written by W. Rowles",blbooks
1807,"The Lamentation, a poem. In two parts. To which are added, other miscellaneous pieces, in blank verse and rhyme. Second edition, corrected",blbooks
1807,"The Lay of the Last Minstrel, a poem",blbooks
1807,"The Poetical Remains, with other detached pieces of the late F. G",blbooks
1807,"The Stranger in America: containing observations ... on the genius, manners and customs of the people of the United States; with biographical particulars of public Characters ... Illustrated, etc",blbooks
1807,"The Stranger in France: or, a Tour from Devonshire to Paris, etc [With plates.]",blbooks
1807,The West India Commonplace Book: compiled from parliamentary and official documents; shewing the interest of Great Britain in its Sugar Colonies,blbooks
1807,"The Works, literary, moral and medical, of Thomas Percival ... To which are prefixed, Memoirs of his Life and Writings [by E. Percival] and a selection from his literary correspondence. A new edition",blbooks
1807,"The Young Hussar, or Love and mercy, an operatic piece, in two acts, etc",blbooks
1807,The history of England from the Revolution to the death of George the Second ... A new edition. With the author's last corrections and improvements,blbooks
1807,"The history of the rebellion and civil wars in England, begun in the year 1641, etc",blbooks
1807,"The naval and military history of the wars of England, including, the wars of Scotland and Ireland, etc",blbooks
1807,"The works of Thomas Gray; containing his poems, and correspondence ... To which are added, Memoirs of his life and writings, by W. Mason ... The third edition, carefully corrected, etc",blbooks
1807,Time's a Tell-Tale: a comedy in five acts [in prose],blbooks
1807,"Town and Country. A comedy, etc",blbooks
1807,"Traité de topographie, d'arpentage et de nivellement",blbooks
1807,Travels in Upper and Lower Egypt. Illustrated with forty engravings ... Translated from the French by H. Hunter,blbooks
1807,"Travels through the Canadas, ... to which is subjoined a comparative view of the manners and customs of several of the Indian nations of North and South America, etc",blbooks
1807,"Travels through the States of North America, and the Provinces of Upper and Lower Canada, during the years 1795, 1796, and 1797",blbooks
1807,"Tweede Reize naar de Middellandsche Zee, gedaan in de Jaren 1783-85 ... onder bevel van den Kapitein C. van Gennip, etc",blbooks
1807,"Two Faces under a Hood: a comic opera. In three acts, etc",blbooks
1807,Typical Pictures of Indian Natives: being reproductions from specially-prepared hand-coloured photographs. With descriptive letterpress by F. M. Coleman,blbooks
1807,"View of the mineralogy, agriculture, manufactures and fisheries of the Island of Arran. With notices of antiquities and suggestions for improving the agriculture and fisheries of the Highlands and Isles of Scotland",blbooks
1807,Voyage dans la Basse et la Haute Égypte pendant les campagnes du général Bonaparte,blbooks
1807,"Voyage dans les Iles Baléares et Pithiuses; fait dans les années 1801, 1802, 1803, 1804 et 1805. ... Avec planches",blbooks
1807,"Voyage en Savoie et dans le midi de la France, en 1804 et 1805 [By Count N. F. H. Huchet de la Bedoyère.]",blbooks
1807,Vaderlandsche letteroefeningen. Jaargang 1807,dbnl
1807,Koninklĳke courant,delpher
1807,PlakkaatboekDeel11,plakaatboek
1807,PlakkaatboekDeel14,plakaatboek
1808,Alexandria daily advertiser. [volume] (Alexandria [Va.]) 1803-1808,american_stories
1808,"Alexandria daily gazette, commercial &amp; political. [volume] (Alexandria [Va.]) 1808-1812",american_stories
1808,"Berkeley and Jefferson intelligencer. [volume] (Martinsburg, Va.) 1802-1810",american_stories
1808,Portland gazette and Maine advertiser.,american_stories
1808,"Portland gazette and Maine advertiser. (Portland, Me.) 1805-1818",american_stories
1808,"The Wheeling repository. [volume] (Wheeling, Va. [W. Va.]) 1807-1808",american_stories
1808,"The enquirer. [volume] (Richmond, Va.) 1804-1815",american_stories
1808,"Virginia Argus. [volume] (Richmond, Va.) 1796-1816",american_stories
1808,"A Companion to St. Andrew's Hall ... giving a concise description of that ancient building; a catalogue of the pictures contained therein and the names of the artists by whom they were painted, brought down to the year 1808",blbooks
1808,"A General Account of Miranda's Expedition [to effect a revolution in South America. By J. N. Sherman], etc",blbooks
1808,"A Letter to J. Read Esq, principal Magistrate at ... Bow Street; containing strictures on the ... police ... and on the Author's treatment, when suing for justice, etc. Dedicated to Sir F. Burdett",blbooks
1808,A Picture of Madrid ... Translated from the German,blbooks
1808,"A Picture of Valencia, taken on the spot ... Translated from the German ... by F. Shoberl",blbooks
1808,A Poetical Epistle on the Abolition of the Slave Trade; addressed to W. Wilberforce,blbooks
1808,"A Sermon preached ... the day after the funeral of Sir William Forbes, of Pitsligo, Baronet",blbooks
1808,A Sketch of the history and present state of the Island of Jersey,blbooks
1808,"A System of Geography, Ancient and Modern",blbooks
1808,"A Topographical Dictionary of England, etc",blbooks
1808,A Tour in France. 1802 [By Mrs. F. E. King.],blbooks
1808,A Translation of the French letters in the appendix to Mr. Fox's History of the early part of the reign of James the Second,blbooks
1808,"A Treatise on the Diseases of Cattle, etc",blbooks
1808,"A Voyage and Travels in the regions of the brain, communicated in letters to a friend; The Shepherd of the Mountain Top, a fragment; and Dumbarton Castle, a sonnet",blbooks
1808,"A serio-comic ... sketch called A British Sailor's Address to the Volunteers of the United Kingdom, etc",blbooks
1808,"Additional Reasons, for our immediately emancipating Spanish America, deduced from the ... present crisis: and containing valuable information, respecting the late important events, both at Buenos Ayres, and in the Caraccas: as well as with respect to the present disposition and views of the Spanish Americans: being intended as a supplement to 'South American Independence' ... Second edition, enlarged. (Letter to the Spanish Americans, by D. Juan Pablo Viscardo y Guzman, etc.-Letters and proclamations by General Miranda.)",blbooks
1808,"Airs, Chorusses, &c. and a list of the scenery, in the new comic pantomime, called Harlequin in his Element, etc. (The pantomime invented by Mr. T. Dibdin.)",blbooks
1808,"Albert and Rosalie, or the Fire King. A grand melodrama, in three acts [By F. F. Warton. In verse.]",blbooks
1808,"American Annals, or a Chronological History of America from its discovery in 1492 to 1806 ... With additions and corrections by the author",blbooks
1808,"American Encroachments on British Rights; or, Observations on the importance of the British North American colonies, and the late treaties with the United States: with remarks on Mr. Baring's Examination; and a defence of the shipping interest, etc [With tables and a map.]",blbooks
1808,"An Alphabetical Atlas, or, Gazetteer of Vermont; affording a summary description of the state, its several counties, towns, and rivers, etc",blbooks
1808,"An Enquiry into the History of Tithe, its influence upon the agriculture, population, and morals of Ireland: with a plan for modifying that system, and providing an adequate maintenance for the Catholic and Presbyterian clergy [By-Nolan and-Hartigan.]",blbooks
1808,"An Exposure of the Arts and Machinations which led to the Usurpation of the Crown of Spain, and of the means pursued by Bonaparte to carry his views into effect ... Translated from the Spanish ... Revised and edited by John Joseph Stockdale",blbooks
1808,"An Inquiry into certain vulgar opinions concerning the Catholic Inhabitants and the Antiquities of Ireland, in a series of letters, etc",blbooks
1808,An account of Jamaica and its inhabitants. By a Gentleman,blbooks
1808,"An account of the incidents, from which the title, and part of the story of Shakspeare's Tempest were derived, and its true date ascertained. With an appendix",blbooks
1808,An essay on Government. By Philopatria (R. F. A. L.),blbooks
1808,Annals of George the third from his accession ... to the victory of Trafalgar,blbooks
1808,"Antiquity, a farce, in two acts",blbooks
1808,Begone Dull Care; a comedy in five acts [and in prose],blbooks
1808,"Blue Devils; a farce, in one act [and in prose] . (A loose version with some alteration ... of a French piece ... by M. Patrat.) By G. Colman the younger",blbooks
1808,"Characteristical Views of the past and of the present state of the people of Spain and Italy, etc",blbooks
1808,"Commutation of Tythes in Ireland, injurious, not only to the Church establishment, but to the poor, etc",blbooks
1808,Corruption and Intolerance: two poems; with notes. Addressed to an Englishman by an Irishman [Thomas Moore.],blbooks
1808,"Country and Town, with fragments of ancient and modern morality [partly based on Horace] . In rhyme",blbooks
1808,"England and Spain; or, Valour and patriotism [A poem.]",blbooks
1808,"Expostulation, a poem. By a young lady",blbooks
1808,Facts against Assertion: or the third edition of Mr. S. Yockney's misrepresentations refuted,blbooks
1808,General report on Enclosures. By Arthur Young,blbooks
1808,"General view of the agriculture of Cheshire, etc",blbooks
1808,"Greenwich; a poem, descriptive and historical",blbooks
1808,"Harlequin in his Element; or, Fire, water, earth, & air; a favourite pantomime, etc [With a folding plate.]",blbooks
1808,"Hints to J. Nollekens ... on his modelling a bust of Lord G******le [A political satire, in verse, on Lord Grenville. By J. Sayers.]",blbooks
1808,Histoire d'Irlande ... traduite de l'Anglais ... par P. Lamontagne,blbooks
1808,"Ivor: or, The Sighs of Ulla. A tragedy [in five acts and in verse]",blbooks
1808,"Kais: or, Love in the deserts. An opera, etc",blbooks
1808,"Love Laughs at Locksmiths: a comic opera: in two acts, etc [By George Colman, the Younger.]",blbooks
1808,Marmion ... The third edition,blbooks
1808,Marmion; a tale of Flodden Field [Illustrated with engravings from the designs of R. Westall; with notes to each canto.],blbooks
1808,"Memoirs of the Life of Robert Cary, Baron of Leppington and Earl of Monmouth. Written by himself, and now published from an original manuscript in the custody of John Earl of Corke and Orrery [and edited by him] . With some explanatory notes",blbooks
1808,"Modern State of Spain ... Translated from the last Paris edition of 1807 ... To which are added, Essays on Spain by M. Peyron, and the book of Post Roads. With ... atlas of plates",blbooks
1808,Music-Mad. A dramatic sketch [in one act and in prose],blbooks
1808,"Observations on a passage in the preface to Mr. Fox's historical work [on the reign of James the Second], relative to the character of Dr. Somerville as an historian",blbooks
1808,Observations on the fifth Report of the Commissioners of Military Enquiry; and more particularly on those parts of it which relate to the Surgeon General [T. Keate],blbooks
1808,"Plot and Counterplot; or, the Portrait of Michael Cervantes, a farce, in two acts [and in prose], etc",blbooks
1808,Poems,blbooks
1808,Poems ... A new edition [With plates after Fuseli.],blbooks
1808,"Poems, by M. Leadbeater. To which is prefixed her translation of the Thirteenth book of the Aeneid; with the Latin original by Maffaeus",blbooks
1808,"Poems, moral and entertaining. By a Lady",blbooks
1808,"Poetical Pieces by the late Mr. Thomas Bradford. To which are added a sonnet on his death, and his epitaph, written by William Hayley, Esq",blbooks
1808,Reflections of a Layman on the Divinity of Christ; the unity of the Deity; and the doctrine of the Trinity,blbooks
1808,"Short notes on Shakspeare. By way of Supplement to Johnson, Stevens, Malone, and Douce",blbooks
1808,"Specimens of English Dramatic Poets, who lived about the time of Shakspeare: with notes. By Charles Lamb",blbooks
1808,Statistiesch overzigt van Oostvriesland en Jever,blbooks
1808,"Tableau de l'Espagne moderne. Seconde édition, corrigée, et considérablement augmentée à la suite de deux voyages faits récemment par l'auteur en Espagne",blbooks
1808,"The Cruise; a poetical sketch, in eight cantos. By a Naval Officer",blbooks
1808,"The Crusaders, or, the Minstrels of Acre. A poem, in six cantos",blbooks
1808,"The Dawn of Liberty on the Continent of Europe; or, the Struggle of the Spanish Patriots for the emancipation of their country",blbooks
1808,"The Family Picture; or, domestic education: a poetic epistle from a country gentleman, to his college friend, the Bishop of ******* [By R. Polwhele.]",blbooks
1808,"The Gay Deceivers; or, More laugh than love: a farce, in two acts",blbooks
1808,The History of America,blbooks
1808,"The History of Barbados from the first discovery of the Island in ... 1605 till the accession of Lord Seaforth, 1801",blbooks
1808,"The History of England to the Revolution in 1688. New edition, with the author's last corrections, etc",blbooks
1808,The History of Greece,blbooks
1808,"The Lay of the Last Minstrel, a poem",blbooks
1808,The Pleader's Guide ... Fourth edition,blbooks
1808,"The Review; or, the Wags of Windsor: a musical farce, in two acts",blbooks
1808,"The School for Authors: a comedy, in three acts [in prose], etc",blbooks
1808,"The Shunamite, a divine poem ... New edition, etc",blbooks
1808,The Siege of Copenhagen. A poem,blbooks
1808,"The Voyages and Travels of Capt. Cook, Mungo Park, La Perouse, and others; ... with a ... geographical description of the World. Embellished with ... engravings and maps. (The World or the present state of the Universe. ... Vol. II.)",blbooks
1808,"The Works of the Right Honourable Edmund Burke [vol. 4-8 edited until 1808 by Walker King, Bishop of Rochester, and French Laurence, and afterwards by W. King alone.]",blbooks
1808,"The World; a comedy, in five acts [and in prose]",blbooks
1808,The history of the Orkney Islands,blbooks
1808,"The refuters refuted: or, an Answer to the gross calumnies contained in a publication recently addressed to the inhabitants of Saint Paul's, Covent Garden, entitled: A refutation of a Pamphlet, etc. by S. Y. In five Letters",blbooks
1808,"Travels in Asia and Africa, etc [Edited by J. P. Berjew.]",blbooks
1808,"Whence-Whither, and other poems",blbooks
1808,Vaderlandsche letteroefeningen. Jaargang 1808,dbnl
1808,Koninklĳke courant,delpher
1808,PlakkaatboekDeel13,plakaatboek
1808,PlakkaatboekDeel14,plakaatboek
1808,PlakkaatboekDeel15,plakaatboek
1808,PlakkaatboekDeel16,plakaatboek
1809,"Alexandria daily gazette, commercial &amp; political. [volume] (Alexandria [Va.]) 1808-1812",american_stories
1809,Portland gazette and Maine advertiser.,american_stories
1809,"Portland gazette and Maine advertiser. (Portland, Me.) 1805-1818",american_stories
1809,The Delaware gazette. [volume] (Wilmington [Del.]) 1809-1810,american_stories
1809,"The Museum of Delaware &amp; general advertiser. [volume] (Wilmington, Del.) 1807-1809",american_stories
1809,"The Rhode-Island Republican. [volume] (Newport, R.I.) 1809-1841",american_stories
1809,"The enquirer. [volume] (Richmond, Va.) 1804-1815",american_stories
1809,"Virginia Argus. [volume] (Richmond, Va.) 1796-1816",american_stories
1809,"A Chronicle at large, and meere History of the affayres of England; and Kinges of the same, deduced from the Creation of the worlde, unto the first habitation of thys Islande, and is by contynuance to the first yeere of ... Queene Elizabeth. B.L",blbooks
1809,"A Companion to the Liverpool Museum, containing a brief description of ... natural & foreign curiosities, antiquities & productions of the fine arts, open for public inspection ... at the house of William Bullock, Church Street ... The sixth edition",blbooks
1809,"A Letter to the Earl Camden containing a full, correct, and authentic narrative of the transactions connected with the late duel",blbooks
1809,"A Miscellaneous Collection of fugitive pieces of Poetry, by the late ... John Skinner ... Volume III. of his Posthumous Works",blbooks
1809,A Picture of Lisbon ... With sketches of ... the Portuguese in general. By a Gentleman many years resident in Lisbon. MS. notes,blbooks
1809,"A Second Journey to Spain, in the spring of 1809; from Lisbon ... to Sevilla, Cordova, Granada, Malaga and Gibraltar. With plates, etc",blbooks
1809,A Summary of Geography and History both ancient and modern [With maps.],blbooks
1809,"A System of General Geography: containing a ... survey of the earth, etc [A prospectus.]",blbooks
1809,"A View of Spain; comprising a descriptive itinerary of each province, and a general statistical account of the country. ... Translated from the Prench of A. de L. (Atlas.)",blbooks
1809,"A View of the natural, political and commercial circumstances of Ireland",blbooks
1809,A narrative of the campaign which preceded the Convention of Cintra ... to which is annexed the report from the Board of Enquiry to the King. Copied from 'The Proceedings on the Enquiry by John Joseph Stockdale.' Illustrated with military plans,blbooks
1809,"A new Analysis of Chronology; in which an attempt is made to explain the History and Antiquities of the primitive Nations of the world, and the prophecies relating to them, on principles tending to remove the imperfection and discordance of preceding Systems",blbooks
1809,"Aardrijkskundige beschrijving van het koningrijk Holland, etc",blbooks
1809,"An Account of the Empire of Marocco, and the district of Suse; ... to which is added, an accurate and interesting account of Timbuctoo, etc",blbooks
1809,"An Account of the Gifts and Legacies that have been given and bequeathed to charitable and public uses in the Borough of Thetford, with their present state and management, also a chronological account of the most remarkable events which have occurred at Thetford from the earliest period to the present time",blbooks
1809,"An Essay on Wool, containing a particular account of the English Fleece, etc",blbooks
1809,An Historical Geography of the Old and New Testament,blbooks
1809,An Historical and Critical Account of Winchester Cathedral ... Third edition,blbooks
1809,"An Impartial History of Ireland, from the period of the English invasion to the year 1810, etc. vol. 1-4",blbooks
1809,"An University Prize Poem, on His Majesty's Entrance upon the fiftieth year of his Reign",blbooks
1809,"An alphabetical list of the Nobility, Clergy and Gentry who balloted at Wakefield ... 6th of November, 1809 and five following days, for a Register for the West Riding of Yorkshire, arranged ... under the direction of ... J. Foljambe, etc",blbooks
1809,"An elementary treatise on Geology: determining fundamental points in that science, and containing an examination of some modern geological systems, and particularly of the Huttonian theory of the earth ... Translated from the French manuscript by ... H. De la Fite",blbooks
1809,An essay on Government. By Philopatria (R. F. A. L.),blbooks
1809,An history of Birmingham ... With a new introduction by Christopher R. Erington,blbooks
1809,"An original and authentic Journal of occurrences during the late American War, from its commencement to the year 1783",blbooks
1809,"Annals of the French Revolution; or, a Chronological account of its principal events; with a variety of anecdotes and characters hitherto unpublished ... Translated by R. C. Dallas, Esq. from the original manuscript of the author, which has never been published [With a portrait.]",blbooks
1809,Brighton. A poem. Descriptive of the place and parts adjacent: and other poems,blbooks
1809,"Caleb Quotem and his Wife! or, Paint, Poetry, and Putty! : An opera, in three acts. To which is added a postscript, including the scene always play'd in The Review, or Wags of Windsor, but omitted in the edition lately published by G. Colman. With prefatory remarks, etc",blbooks
1809,"Cruelty to animals. The speech of Lord Erskine, in the House of Peers, on the second reading of the Bill for preventing malicious and wanton cruelty to animals",blbooks
1809,De vaderlandsche Historie ... Met platen,blbooks
1809,"Dedicated to all whom it may concern. Valentine's Day: or, the Amorous Knight, and the Belle Widow. A new and original comedy, in three acts [in prose, with songs] . Prefixed by a poetical appeal to the critics. By one Anonymous",blbooks
1809,Descriptive account of the Kymin Pavilion and Beaulieu Grove,blbooks
1809,Ethelred; a legendary tragic drama [in five acts and in verse],blbooks
1809,Europe: Lines on the present war,blbooks
1809,"Fragments in Prose and Verse: by a young lady lately deceased (Elizabeth S- [i.e. Smith]) . With some account of her life and character, by the author of 'Sermons on the Doctrine and Duties of Christianity' [Miss Henrietta Maria Bowdler]",blbooks
1809,Gertrude of Wyoming; a Pennsylvanian tale; and other poems,blbooks
1809,Gilbert; or True Love rewarded: an amatory rural poem [By J. Templeman. Illustrated.],blbooks
1809,Het Tegenwoordig Amsterdam. Met 8 platen,blbooks
1809,"Historic Memoirs of Ireland; comprising secret records of the National Convention, the Rebellion, and the Union; with delineations of the principal characters connected with these translations, etc [With portraits and facsimiles.]",blbooks
1809,"History of Brazil, comprising a geographical account of that country, together with a narrative of the most remarkable events which have occurred there since its discovery, etc",blbooks
1809,"Horæ Ionicæ: a poem, descriptive of the Ionian Islands, and part of the adjacent coast of Greece",blbooks
1809,"Iberia's Crisis, a fragment of an epic poem [By H. G. Knight.]",blbooks
1809,"Introductory lessons with familiar examples in Landscape for the use of those who are desirous of gaining some knowledge of the ... art of painting in water-colours. To which are added ... Instructions for executing transparencies, etc",blbooks
1809,"Letters from Canada, written ... in ... 1806, 1807 and 1808, shewing the present state of Canada ... the commercial importance of Nova-Scotia, New Brunswick, and Cape Breton, etc",blbooks
1809,"Man and Wife; or, More secrets than one: a comedy, in five acts, etc",blbooks
1809,Marriage no Jest. A comedy in five acts [and in prose],blbooks
1809,"Memoirs of an American Lady (Catalina Schuyler) : with sketches of manners and scenery in America, as they existed previous to the Revolution. By the author of 'Letters from the Mountains,' etc [Mrs. Grant, of Laggan.]",blbooks
1809,"Mémoires militaires, historiques et politiques de Rochambeau, etc",blbooks
1809,"Naval papers respecting Copenhagen, Portugal, and the Dardanelles, presented to Parliament in 1808",blbooks
1809,"New Theory of the formation of veins; with its application to the art of working mines. Translated from the German. To which is added an appendix ... by C. Anderson, M.D",blbooks
1809,"Observations on the Historical Work of the late Right Hon. C. J. Fox ... with a narrative of the events which occurred in the enterprize of the Earl of Argyle in 1685, by Sir Patrick Hume",blbooks
1809,Outlines of Mineralogy,blbooks
1809,Outlines of an attempt to establish a knowledge of extraneous fossils on scientific principles,blbooks
1809,"Paetus and Arria; a tragedy in five acts [and in verse] . To which is prefixed a letter, addressed to T. Sheridan Esqre, on the present state of the English Stage [By John Nicholson.]",blbooks
1809,"Panthea, Queen of Susia; a tragedy in five acts [and in verse, founded on the story in the Cyropædia of Xenophon]",blbooks
1809,Pen and Ink well employed [Verses.],blbooks
1809,Poems [Edited by J. F. Walker.],blbooks
1809,Poems chiefly in the Scottish dialect,blbooks
1809,"Poems illustrative of the Genius and Influence of Christianity: to which are subjoined some fugitive pieces, etc",blbooks
1809,"Rêveries sur la Nature Primitive de l'Homme, sur ses sensations, etc. Par P....T Senancour",blbooks
1809,Safe and Sound; an opera in three acts [in prose and in verse],blbooks
1809,"Second edition, with considerable additions and alterations",blbooks
1809,Some account of the life and writings of Sir Joshua Reynolds,blbooks
1809,"Spanish Heroism; or, the Battle of Roncesvalles. A metrical romance",blbooks
1809,"The Abdication of Ferdinand; or, Napoleon at Bayonne, an historical play in five acts [and in verse]",blbooks
1809,The Bellum Catilinarium of Sallust travestied. Inscribed to the Right Hon. G. Canning,blbooks
1809,"The Bibliomania, in Epistle [in verse] to R. Heber",blbooks
1809,"The Description of Britain, translated [by H. Hatcher] from Richard of Cirencester; with the original treatise De Situ Britanniæ; and a commentary on the Itinerary [by T. Leman] . Lat. and Eng",blbooks
1809,"The Dramatist; or, Memoirs of the Stage. With the life of the authoress",blbooks
1809,"The Foundling of the Forest: a play in three acts, etc",blbooks
1809,"The Four Slaves of Cythera; a romance, in ten cantos",blbooks
1809,"The Franciscan Friar, a satire; and the Marriage Ode of Francis of Valois and Mary, sovereigns of France and Scotland: translated into English verse ... by George Provand",blbooks
1809,"The General History of Ireland ... Collected by ... J. K. ... translated from the original Irish ... with ... amendments by D. O'Connor ... Illustrated with ... coats of arms, etc. (The Genealogy of the Posterity of H. Fionn, ... The posterity of Ir, etc.)",blbooks
1809,The Goblin Groom. A tale of Dunse [In verse.],blbooks
1809,The Goblin Groom: a tale of Dunse,blbooks
1809,"The Graphomania: an epistle to John Harden, of Brathay-Hall, Esq [In verse.] By the author of Varnishando [i.e. Francis Dukinfield Astley]",blbooks
1809,"The Grecian history, from the earliest state, to the death of Alexander the Great ... A new edition",blbooks
1809,"The History of Animals of Aristotle, and his Treatise on Physiognomy, translated from the Greek. By Thomas Taylor",blbooks
1809,"The History of Don Francisco de Miranda's Attempt to effect a Revolution in South America. In a series of letters ... Revised, corrected, and enlarged. To which are annexed, sketches of the life of Miranda, and geographical notices of Caraccas",blbooks
1809,"The History of Ireland, from its invasion under Henry II. to its Union with Great Britain",blbooks
1809,"The History of South-Carolina, from its first settlement in 1670 to ... 1808",blbooks
1809,"The History of the Life and Reign of Alexander the Great ... Translated [by P. Pratt] ... With supplements [of J. Freinsheim], notes, and a map",blbooks
1809,The History of the Reign of the Emperor Charles V ... The eleventh edition,blbooks
1809,"The Indagator; or, the lawfulness and unlawfulness of defensive and offensive war considered, etc",blbooks
1809,"The Lay of the Last Minstrel, a poem",blbooks
1809,"The Mythology and Rites of the British Druids, ascertained by national documents; and compared with the general traditions and customs of heathenism ... With an appendix containing ancient poems and extracts, with some remarks on Ancient British coins",blbooks
1809,The Natural and Civil History of Vermont,blbooks
1809,"The Pleasures of Anarchy, a dramatic sermon [In five acts, and in verse. By Francis Newnam.]",blbooks
1809,The Posthumous Poems of W. Preston,blbooks
1809,"The Present State of Turkey ... Together with the geographical, political and civil state of the Principalities of Moldavia and Wallachia. ... The second edition, with ... additions",blbooks
1809,The Recal of Momus. A bagatelle ... Second edition,blbooks
1809,"The Roman history, from the foundation of the City of Rome, to the destruction of the Western Empire",blbooks
1809,"The School for Orators, or a Peep at the Forum; a farce [in two acts and in prose]",blbooks
1809,"The Scotiad, or wise men of the North!!! A Serio-comic and satiric poem ... By Macro",blbooks
1809,"The State papers and Letters of Sir Ralph Sadler. Edited by Arthur Clifford. To which is added, a memoir of the life of Sir Ralph Sadler; with historical notes by Walter Scott",blbooks
1809,"The Traveller; or, the Marriage in Sicily [a comedy], in three acts [and in prose. By Guglielmo]",blbooks
1809,"The Works of Mr. A. Cowley; in prose and verse. A new edition. Pointing out the pieces selected by Richard Hurd, D.D, late Bishop of Worcester; and including his lordship's notes, and Dr. Johnson's life of the author [With a portrait after C. F. Zincke.]",blbooks
1809,"The songs, odes, ballads, duets, and glees, in an opera, entitled: Sketches from life; or, The wandering Bard",blbooks
1809,"The works of Sir Joshua Reynolds ... To which is prefixed An account of the life and writings of the author, by Edmond Malone ... Third edition, corrected",blbooks
1809,"Travels and adventures in Canada and the Indian territories, between the years 1760 and 1776 [With a portrait.]",blbooks
1809,"Travels through the South of France, and in the interior of the provinces of Provence and Languedoc, in the years 1807 and 1808",blbooks
1809,Travels through the northern parts of the United States in ... 1807 and 1808,blbooks
1809,"Twenty four Views in St. Helena, the Cape, India, Ceylon, the Red Sea, Abyssinia and Egypt, from drawings by H. Salt [with descriptions to illustrate the voyages and travels of George Annesley, Earl of Mountmorris]",blbooks
1809,Varnishando; a serio-comic poem: addressed to collectors of paintings. By an admirer of the arts [i.e. Francis Dukinfield Astley],blbooks
1809,"Venoni, or the Novice of St. Mark's. A drama in three acts [and in prose]",blbooks
1809,"Verses addressed by H. M. W. to her two nephews, on Saint Helen's day",blbooks
1809,"Voyages and Travels to India, Ceylon, the Red Sea, Abyssinia, and Egypt. 1802, 1803, 1804, 1805 and 1806 [With plates by Henry Salt.]",blbooks
1809,Œuvres Philosophiques [Edited by H. J. Jansen.],blbooks
1809,Vaderlandsche letteroefeningen. Jaargang 1809,dbnl
1809,Koninklĳke courant,delpher
1809,PlakkaatboekDeel14,plakaatboek
1809,PlakkaatboekDeel15,plakaatboek
1809,PlakkaatboekDeel16,plakaatboek
1810,"Alexandria daily gazette, commercial &amp; political. [volume] (Alexandria [Va.]) 1808-1812",american_stories
1810,"Martinsburgh gazette. [volume] (Martinsburgh, Va. [W. Va.]) 1810-1825",american_stories
1810,Portland gazette and Maine advertiser.,american_stories
1810,"Portland gazette and Maine advertiser. (Portland, Me.) 1805-1818",american_stories
1810,The Delaware gazette.,american_stories
1810,The Delaware gazette. [volume] (Wilmington [Del.]) 1809-1810,american_stories
1810,"The Rhode-Island Republican. [volume] (Newport, R.I.) 1809-1841",american_stories
1810,"The enquirer. [volume] (Richmond, Va.) 1804-1815",american_stories
1810,"Virginia Argus. [volume] (Richmond, Va.) 1796-1816",american_stories
1810,"A Description of the Feroe Islands, containing an account of their situation, climate, and productions, together with the manners and customs of the inhabitants, their trade, etc. translated from the Danish",blbooks
1810,"A General History of the United States of America ... to 1792; or sketches of the Divine agency, in their settlement, growth, and protection, and especially in the late ... revolution. vol. 1",blbooks
1810,"A Geographical and Historical View of the World: exhibiting a complete delineation of the natural and artificial features of each country, etc",blbooks
1810,"A History of the antient town of Shaftesbury ... partly selected from Hutchins, etc",blbooks
1810,"A Hunting Song; written in commemoration of a most famous Fox Chace, run by the Duke of Rutland's Hounds, December the 10th, 1805",blbooks
1810,A Journey from Aleppo to Jerusalem at Easter. A.D. 1697,blbooks
1810,A Letter to the Roman Catholics of Dublin [on Catholic emancipation],blbooks
1810,A Monody to the Memory of the Right Honourable the Lord Collingwood,blbooks
1810,"A Narrative of a Voyage to Surinam; of a residence there during 1805, 1806 and 1807, and of the author's return to Europe by the way of North America",blbooks
1810,"A Narrative of a three years' residence in France, principally in the Southern departments, from ... 1802 to 1805: including some ... particulars respecting the early life of the French Emperor, etc",blbooks
1810,"A New Description of Blenheim [By W. F. Mavor.] A new and improved edition. Embellished with an elegant plan, etc",blbooks
1810,"A Poetical Epistle to Henry Clifford, Esq. on the late disturbances in Covent Garden Theatre [By Arthur Clifford.]",blbooks
1810,"A Sketch of the State of British India, with a view of pointing out the best means of civilizing its inhabitants, and diffusing the knowledge of Christianity throughout the Eastern world, etc",blbooks
1810,A Statement of facts delivered to Lord Minto on his arrival at Madras. With an appendix of official minutes,blbooks
1810,"A System of Modern Geography, or the natural and political history of the present state of the world, etc",blbooks
1810,A Topographical Dictionary of Ireland ... Being a continuation of the Topography of the United Kingdom of Great Britain and Ireland,blbooks
1810,"A Tour in Wales, 1770 [or rather 1773] . (Supplemental corrections and additions to the first volume of the Welsh Tour.) Plates [by Mr. Griffith]",blbooks
1810,"A Tour through Part of the Atlantic; or, recollections from Madeira, the Azores ... and Newfoundland, etc",blbooks
1810,A Tributary Law inscribed to the memory of ... the Marquis of Lansdowne,blbooks
1810,"A brief account of the countries adjoining the Lake of Tiberias, the Jordan, and the Dead Sea",blbooks
1810,"A poetical history of England; written for the use of the young ladies educated at Rothbury-House School, etc [By Louisa Capper.]",blbooks
1810,"ALetter to H. Cline, on imperfect developments of the faculties, mental and moral, as well as constitutional and organic; and on the treatment of impediments of speech",blbooks
1810,"Account of the origin, progress and consequences of the late discontents of the army on the Madras establishment",blbooks
1810,Address to the City of Bristol. To the Vale of C-h The Apology [Poems.],blbooks
1810,"An Account of Expeditions to the sources of the Mississippi and through the Western parts of Louisiana, to the sources of the Arkansaw, Kans, La Platte, and Pierre Jason, rivers; performed by order of the Government of the United States, during the years 1805-1807; and a tour through the interior parts of New Spain ... in 1807",blbooks
1810,"An Authentic Narrative of four years' residence at Tongataboo, one of the Friendly Islands, in the South Sea, by - [G. Vason] who went thither in the Duff, under Captain Wilson, in 1796. With an appendix, by an eminent writer [T. Scott? Edited by S. Piggott]",blbooks
1810,"An Universal History, from the creation of the world, to the time of Charlemagne. From the French ... A new translation [By Thomas Chevelier.]",blbooks
1810,"Compendium of Ancient Geography ... Translated from the French. Illustrated with maps ... With a map of Roman Britain, from ... John Horsely ... and with prolegomena and notes by the translator",blbooks
1810,"Cowper, illustrated by a series of views, etc [The text by E. W. Brayley; the plates by J. S. Storer and J. Greig.]",blbooks
1810,"De Kaffers aan de zuidkust van Afrika, natuur en geschiedkundig beschreuen [Translated from the German manuscript by Jan Konijnenburg.]",blbooks
1810,"Derde Reize naar de Middellandsche Zee, gedaan in de Jaren 1786-88, etc",blbooks
1810,"Directions for sailing to and from the East Indies, China, New Holland, Cape of Good Hope, and the interjacent Ports",blbooks
1810,Edinburgh: a poem in the Scottish dialect. By a Native,blbooks
1810,Elements of Mineralogy,blbooks
1810,Epigrams and Poems,blbooks
1810,Erin. A geographical and descriptive poem,blbooks
1810,Essays on song-writing: with a collection of such English songs as are most eminent for poetical merit. To which are added some original pieces [By J. Aikin.],blbooks
1810,Fables in verse,blbooks
1810,"Feudal Tales, being a collection of romantic narratives and other poems [With coloured plates.]",blbooks
1810,"Gammer G.'s Garland; or, the nursery Parnassus. ... A new edition, with additions",blbooks
1810,"Gazetteer of England and Wales, etc",blbooks
1810,"General view of the agriculture of the county of Durham, with observations on the means of its improvement",blbooks
1810,"Gertrude; a tragic drama, in five acts [and in prose and verse]",blbooks
1810,"Great Britain's Jubilee Monitor and Briton's Mirror, comprising an epitome of the moral claims of their ... Majesties George the third, and Charlotte his Queen! Attributes of Great Britain! with illustrations of the ... blessings ... enjoyed under the British Government! contrasted with the despotism exercised in ancient and modern nations! etc",blbooks
1810,Hero and Leander; a poem,blbooks
1810,Historical Remarques and Observations of the Ancient and Present State of London and Westminster ... Illustrated with pictures ... ingraven on copper plates ... The fourth edition,blbooks
1810,Hit or Miss! A muscial farce in two acts,blbooks
1810,"Inchiquin the Jesuit's letters, during a late residence in the United States of America. Being a fragment of a private correspondence accidentally discovered in Europe. Containing a favourable view of the manners, literature and state of Society of the United States, by some unknown foreigner [i.e. Charles Jared Ingersoll]",blbooks
1810,"Inquiry into the limits and peculiar objects of physical and metaphysical science, tending principally to illustrate the nature of causation, etc",blbooks
1810,Iphotelle; or the longing-fit. A poem,blbooks
1810,Joseph; a religious poem,blbooks
1810,"Letters to the Stranger in Reading. By Detector [A reply to 'The Stranger in Reading, in a series of letters, from a Traveller to his Friend in London,' by John Man.] MS. note",blbooks
1810,Love and War ... With other poems. By a Seaman,blbooks
1810,Marmion ... The fourth edition,blbooks
1810,Minstrelsy of the Scottish Border ... Third edition,blbooks
1810,"Modern and Authentic System of Universal Geography ... being a complete and universal history and description of the whole world ... To illustrate the work are introduced ... maps, charts ... and ... numerous engravings, etc",blbooks
1810,"Narrative of the operations of a detachment in an expedition to Candy, in the island of Ceylon, in ... 1804, etc",blbooks
1810,"Narratives of calamitous and interesting shipwrecks, etc",blbooks
1810,"Natale Solum, and other poetical pieces",blbooks
1810,Observationes in varias trifoliorum species,blbooks
1810,Original Poems,blbooks
1810,Papers on Toleration ... Third edition,blbooks
1810,"Papers relative to the Projected Improvements in the Harbour of Aberdeen: with a full report of the evidence as delivered before Parliament, Session 1810",blbooks
1810,"Pietas Londinensis: the history, design, and present state of the various public charities in and near London",blbooks
1810,Poems,blbooks
1810,Poems on various subjects,blbooks
1810,"Poems on various subjects ... To which are added, observations on gardening, with receipts for pickling, etc",blbooks
1810,"Poems, by T. B-g-d, Esq. of the Inner Temple [i.e. Thomas Bedingfeld]",blbooks
1810,Relation of the operations and battles of the Austrian and French armies in ... 1809. With three plans,blbooks
1810,Remains of Nithsdale and Galloway Song: with historical and traditional notices relative to the manners and customs of the peasantry. Now first published by R. H. Cromek,blbooks
1810,"Remarks on slander and envy, inscribed to ... the friends of J. Hanson, Esq. To which are added, Mr. Hanson's Address to his friends and country, etc",blbooks
1810,"Riches: or, The Wife and Brother, a play in five acts [and in verse] and founded on Massinger's Comedy of the City Madam. By Sir J. B. Burges. Bart",blbooks
1810,Rochdale; a fragment. With notes. Intended as an introduction to the history of Rochdale [In verse.],blbooks
1810,"Ruth, or, The fair Moabitess. A poem, with moral reflections and explanatory notes",blbooks
1810,"Select Poems, etc, by ... J. D. W. ... To which are added some particulars of his life and character, by an early friend and associate; with a preface by W. Hayley",blbooks
1810,"Select Scotish Songs, ancient and modern; with critical observations and biographical notices, by Robert Burns. Edited by R. H. Cromek",blbooks
1810,"Songs, duets, &c. in Tricks upon Travellers, a comic opera in three acts [by Sir J. B. Burges?] . ... Second edition",blbooks
1810,"South American Emancipation. Documents shewing the designs which have been in progress and the exertions made by General Miranda for the South American Emancipation, during the last twenty-five years [With a portrait of Miranda, and a plan.]",blbooks
1810,"Tales in verse: with a version of Morduth, a poem, by Douthal ... By an Officer in the Army",blbooks
1810,"The Adventures of Ulysses: or, the return to Ithaca. A classical drama from Homer [in three acts and in verse]",blbooks
1810,"The Age; a poem: moral, political and metaphysical. With illustrative annotations",blbooks
1810,"The Battles of Talavera, a poem [By J. W. Croker.] Sixth edition, corrected, with some additions",blbooks
1810,The Bishop and the Parson's Beard. A tale in verse,blbooks
1810,"The Book of Job; translated from the Hebrew, by the late Miss Elizabeth Smith ... With a preface and annotations by the Rev. F. Randolph",blbooks
1810,The Caledonian Comet [By John Taylor. A satirical poem on Sir Walter Scott.],blbooks
1810,"The Chronicle of Fife; being the diary of J. L. of Newton, from 1649 to 1672 [Edited by Archibald Constable.]",blbooks
1810,The Chronicles of E. de Monstrelet ... Translated by T. Johnes [With plates.],blbooks
1810,The Curse of Kehama,blbooks
1810,"The Doubtful Son, or Secrets of a palace; a play, in five acts, etc",blbooks
1810,"The East India Vade-Mecum; or complete guide to gentlemen intended for the civil, military or, naval service of the East India Company",blbooks
1810,The Family Legend: a tragedy [In verse.],blbooks
1810,"The Favourite Village, with an additional poem (The Relapse), now first published, and a tragedy (Sir Thomas More [in five acts and in verse])",blbooks
1810,"The Festival of Anacreon, containing a collection of modern songs written for the Anacreontic Society, the Beef-Steak and Humbug Clubs; by Captain Morris, Mr. Hewerdine, Sir John Moore, and other lyric writers ... (Third part.) The eighth edition",blbooks
1810,"The Forest Pruner; or, timber owner's assistant: being a treatise on the ... management of British Timber Trees, etc",blbooks
1810,"The Free Knights; or, the Edict of Charlemagne; a drama, in three acts [in prose], interspersed with music, etc",blbooks
1810,"The Harper's Son and the Duke's Daughter; a grand melo-dramatic romance, interspersed with songs, duets, and choruses, etc",blbooks
1810,"The Haunted Fire of Uller, an Iernian Legend. By J. L. O. S",blbooks
1810,"The History of New South Wales, including Botany Bay, Port Jackson, Pamaratta [sic], Sydney, and all its dependancies ... with the customs and manners of the natives, and an account of the English colony, from its foundation to the present time ... Enriched with ... coloured prints",blbooks
1810,"The History of the Insurrections in Massachusetts in the year 1786, and the Rebellion consequent thereon",blbooks
1810,"The History of the Parisian Massacre; wherein all the minute circumstances of that sanguinary event are faithfully pourtrayed, etc",blbooks
1810,"The Jubilee, a poem; with serious and loyal reflections on the blessings we enjoy as a nation, under the government of a mild and beloved king: with some remarks upon the sins of the nation [Signed: E. D.]",blbooks
1810,The Lady of the Lake ... The fifth edition,blbooks
1810,The Lady of the Lake; a poem,blbooks
1810,"The Lamentation, a poem. In two parts. To which are added, other miscellaneous pieces, in blank verse and rhyme. Second edition, corrected",blbooks
1810,"The Lay of the Last Minstrel ... The eighth edition. With ballads and lyrical pieces. (There is added an appendix of Poetical Pieces, which are to be found in no other edition of Mr. Scott's works.)",blbooks
1810,"The Legend of Mary, Queen of Scots [by T. Wenman?] and other ancient poems, now first published from MSS. of the sixteenth century. With an introduction, notes, and an appendix [by the editor J. F, i.e. John Fry] . L.P",blbooks
1810,The Lives of the Scotish Poets; with preliminary dissertations on the literary history of Scotland and the early Scotish drama,blbooks
1810,The Maid of Griban: a fragment,blbooks
1810,"The Miner's Guide, ... Selected, arranged and printed verbatim from the works of Hardy and Houghton. To which is added: a new article and a copy of the Inquisition taken at Ashburn ... in the 16th year of the Reign of King Edward the 1st, etc",blbooks
1810,"The Minstrel of the North; or, Cumbrian Legends; being a poetical miscellany of legendary, Gothic, and romantic tales",blbooks
1810,The Natural History of the Mineral Kingdom,blbooks
1810,"The O-Poeiad; a Satire [in reference to the O.P. Riots of 1809, at Covent Garden Theatre]",blbooks
1810,The Poetical Works of the late Thomas Little ... Eighth edition. Few MS. notes,blbooks
1810,The Pursuits of Fashion. A satirical poem [By E. Goulburn] ... Third edition,blbooks
1810,The River Tay. A fragment [in verse. By Alexander Glas],blbooks
1810,"The Vestibule of Eloquence ... Original articles, oratorical and poetical, intended as exercises in recitation, etc",blbooks
1810,"The Village Curate, and other poems, etc",blbooks
1810,"The famous tragedy of the rich Jew of Malta. London, 1633",blbooks
1810,The genius of the Thames: a lyrical poem in two parts,blbooks
1810,The history of England from the Revolution to the death of George the Second ... A new edition. With the author's last corrections and improvements,blbooks
1810,"The pleasures of memory, and other poems. By Samuel Rogers, Esq. And The pains of memory, by Robert Merry",blbooks
1810,"The real state of France, in the years 1809, 10; with an account of the treatment of the prisoners of war, etc. Sixth edition",blbooks
1810,"Tranquillity, a poem. To which are added other original poems, and translations from the Italian",blbooks
1810,"Travels in Various Countries of Europe, Asia and Africa. (pt. 1. Russia, Tartary and Turkey.-pt. 2. Greece, Egypt and the Holy Land.-pt. 3. Scandinavia.) [With plates, including a portrait.]",blbooks
1810,Travels through the Empire of Morocco ... Illustrated with a map,blbooks
1810,"Travels, or an inland voyage through the States of New York, Pennsylvania, Virginia, Ohio, Kentucky and Tennessee, and through the territories of Indiana, Louisiana, Mississippi and New Orleans-in 1807 and 1808. With maps and plates",blbooks
1810,"Twenty Years Ago! A new melodramatic entertainment, in two acts [in prose], etc",blbooks
1810,"Wallace; or, the Fight of Falkirk, etc [By M. H.]",blbooks
1810,"[A voyage to Botany Bay.] A voyage to New South Wales; with a description of the country; the manners, customs, religion, &c. of the natives, in the vicinity of Botany Bay",blbooks
1810,Vaderlandsche letteroefeningen. Jaargang 1810,dbnl
1810,Bataviasche koloniale courant,delpher
1810,Journal du département des bouches du Rhin,delpher
1810,Koninklĳke courant,delpher
1810,PlakkaatboekDeel16,plakaatboek
1811,"Alexandria daily gazette, commercial &amp; political. [volume] (Alexandria [Va.]) 1808-1812",american_stories
1811,"Martinsburgh gazette. [volume] (Martinsburgh, Va. [W. Va.]) 1810-1825",american_stories
1811,Portland gazette and Maine advertiser.,american_stories
1811,"Portland gazette and Maine advertiser. (Portland, Me.) 1805-1818",american_stories
1811,"The Rhode-Island Republican. [volume] (Newport, R.I.) 1809-1841",american_stories
1811,"The enquirer. [volume] (Richmond, Va.) 1804-1815",american_stories
1811,"Virginia Argus. [volume] (Richmond, Va.) 1796-1816",american_stories
1811,"Winchester gazette. [volume] (Winchester, Va.) 18??-1826",american_stories
1811,"A Description of the Royal Hospital for Seamen, at Greenwich; with a short account of the establishment; the Chest at Greenwich; and the Royal Naval Asylum [By John Cooke and John Maule.]",blbooks
1811,"A General History and Collection of Voyages and Travels arranged in systematic order: forming a complete History of the origin and progress of navigation, discovery, and commerce, by sea and land, from the earliest to the present time",blbooks
1811,"A Geographical and Historical View of the World: exhibiting a complete delineation of the natural and artificial features of each country, etc",blbooks
1811,"A Sketch of the History of Maryland, during the three first years after its settlement: to which is prefixed, a copious introduction",blbooks
1811,"A System of Modern Geography ... The astronomical part by James Ferguson ... The seventh edition, corrected, and greatly enlarged",blbooks
1811,A Topographical Dictionary of the Dominion of Wales ... Being a continuation of the Topography of the United Kingdom of Great Britain and Ireland,blbooks
1811,A collection of Papers relating to the expedition to the Scheldt. Presented to Parliament in 1810,blbooks
1811,"A concise account of the present state of the Missions ... of the ... United Brethren, among the Heathen",blbooks
1811,"A description of the town of Ludlow, ... with an elegant view of the town, etc",blbooks
1811,"A statistical Account of the towns and parishes in the State of Connecticut. Published by the Connecticut Academy of Arts and Sciences. Vol. I. No. 1. (A statistical Account of the city of New-Haven, by T. Dwight.)",blbooks
1811,"A treatise on the defence of Portugal, with a military map ... and principal events of the campaigns under Lord Wellington, etc",blbooks
1811,A vindication of Mr. Fox's History of the early Part of the Reign of James the Second,blbooks
1811,"Aanteekeningen op eene reize van Parijs naar Napels, door het Tirolsche, en van daar door Zwitserland en langs den Rhijn terug naar Holland. Met Platen",blbooks
1811,Additional Remarks on an intended Asylum Port near Dunleary; comprising observations on the last grant made by Parliament ... for Howth Harbour ... By a Seaman,blbooks
1811,"An account of the British Settlement of Honduras. ... To which are added, Sketches of the Manners and Customs of the Mosquito Indians, preceded by the Journal of a Voyage to the Mosquito Shore",blbooks
1811,"An account of the interesting Island of Helgoland, its inhabitants, etc",blbooks
1811,An elegiac acrostick on the death of a Friend [Luigi Schiavonetti. With notes],blbooks
1811,"Anecdotes of the Manners and Customs of London, from the Roman Invasion to the year 1700; illustrated by eighteen engravings",blbooks
1811,"Blue-Beard; or, Female curiosity! ... The seventh edition",blbooks
1811,Britain's Bulwarks; or the British Seaman; a poem ... Embellished with eight engravings. MS. note,blbooks
1811,"British Ornithology; being the history, with a coloured representation of every known species of British birds",blbooks
1811,"British Scenery. A poetical sketch. By a quondam Oxonian, and Carthusian [i.e. Daniel Cabanel]",blbooks
1811,"Bromley-Hill, the seat of the Right Hon. Charles Long, M.P. A sketch",blbooks
1811,"Carlton House Fete; or, the Disappointed Bard; in a series of elegies; to which is added, Curiosity in rags; an elegy [A satire on an entertainment by the Prince Regent.]",blbooks
1811,"Christina, the Maid of the South Seas; a poem [With portrait, inserted.]",blbooks
1811,Clan-Alpin's Vow: a fragment [In verse.],blbooks
1811,Considerations on the necessity and importance of an Asylum Port in the Bay of Dublin: including remarks on the harbour erecting at Howth; and that ... proposed for Dunleary [With an appendix containing copies of petititons in favour of the last named.] By a Seaman,blbooks
1811,"Craig Phadric, visions of sensibility, with legendary tales, and occasional pieces [In verse.]",blbooks
1811,"Darkness Visible, a farce in two acts [and in prose], etc",blbooks
1811,"Description of the Spar Cave, lately discovered in the Isle of Skye. ... To which is subjoined, the Mermaid, a poem",blbooks
1811,"Escape from France. A narrative of the hardships and sufferings of several British subjects, who effected their escape from Verdun. With an appendix, containing observations on the policy and conduct of Buonaparte towards British subjects",blbooks
1811,"Essai historique sur la Sénatorerie de Limoges, orne de gravures, etc",blbooks
1811,"Essays in a series of Letters to a Friend, on the following subjects: I. On a man's writing memoirs to himself. II. On decision of character. III. On the application of the epithet Romantic. IV. On some of the causes by which Evangelical religion has been rendered less acceptable to persons of cultivated taste ... Third edition",blbooks
1811,"Hindu Infanticide. An account of the measures adopted for suppressing the practice of the systematic murder by their parents, of female infants; with incidental remarks on the customs peculiar to the natives of India. Edited, with notes and illustrations, by E. M",blbooks
1811,"Histoire du Brésil, contenant un précis des événemens les plus remarquables depuis sa découverte ... Suivi d'un tableau du commerce intérieur et extérieur de cette colonie ... Traduit de l'Anglais ... On a joint à cette traduction des notes, etc",blbooks
1811,History of Scotland during the Reign of Robert I. surnamed the Bruce,blbooks
1811,Hit or Miss! A muscial farce in two acts,blbooks
1811,"Horæ Ionicæ: a poem, descriptive of the Ionian Islands, and part of the adjacent coast of Greece",blbooks
1811,Journal of a tour in Iceland in the summer of 1809,blbooks
1811,"Killing no Murder: a farce in two acts [and in prose] . Second edition ... Together with a preface, and the scene suppressed by order of the Lord Chamberlain",blbooks
1811,"Lachesis Lapponica, or a tour in Lapland, now first published from the original manuscript journal of the celebrated Linnæus; by J. E. Smith",blbooks
1811,"Le règne de Louis XI, et de l'influence qu'il a eu jusque sur les derniers temps de la troisième dynastie",blbooks
1811,"Les Commentaires du Soldat du Vivarais ... Suivis du Voyage du duc de Rohan en Vivarais, l'an 1628; de la Relation de la révolte de Roure, an 1670. Publiés par J. L. de Laboissière",blbooks
1811,"Literary Recreations; or, Moral, historical and religious essays ... Second edition, revised and considerably enlarged",blbooks
1811,"Literary life and select works of B.S, several of which have never before been published [Edited by W. Coxe.] L.P",blbooks
1811,"Lost and Found: a comedy in five acts [in prose], etc",blbooks
1811,"M. P. or the Blue-Stocking. A comic opera [in prose, with songs]",blbooks
1811,"Mr. Baldwin's Legacy to his Daughter, or the Divinity of Truth, etc [Including 'a series of writings obtained from the hand of C. Avena de Valdiere, in the magnetic sleep.']",blbooks
1811,"Mémoire sur l'origine des Belges, etc",blbooks
1811,"Observations on the breeding and management of Neat Cattle; together with a description of the diseases to which they are liable, etc",blbooks
1811,Occasional Poems. L.P,blbooks
1811,"Ode performed in the Senate-House of Cambridge, June 29, 1811, at the Installation of ... William Frederick, Duke of Gloucester ... Chancellor of the University",blbooks
1811,"One o'clock! or, The knight and the wood dæmon, etc",blbooks
1811,"Order of both branches of the Legislature of Massachusetts to appoint Commissioners to investigate the causes of the difficulties in the County of Lincoln: and the Report of the Commissioners thereon, with the documents in support thereof",blbooks
1811,Petralogy. A treatise on rocks,blbooks
1811,Poems,blbooks
1811,Poems ... A new edition [With plates after Fuseli.],blbooks
1811,Poems and Tales,blbooks
1811,"Poems by Robert Burns: with an account of his life [by Josiah Walker], and miscellaneous remarks on his writings. Containing also many poems and letters, not printed in Doctor Currie's edition [With engravings.]",blbooks
1811,Promenade ou Itinéraire des Jardins d'Ermenonville: auquel on a joint vingt-cinq de leurs principales vues dessinées et gravées par Mérigot fils,blbooks
1811,Psyche: with other poems,blbooks
1811,Romance; a poetical capriccio [By T. Wilson?],blbooks
1811,Self-Control. A novel [By Mary Brunton.] Second edition,blbooks
1811,"Sketches of history, politics and manners, taken in Dublin and the North of Ireland, in the Autumn of 1810 [By John Gamble.]",blbooks
1811,"Sketches, civil and military, of the Island of Java and its immediate dependencies, etc",blbooks
1811,Socrates: a dramatic poem. Written on the model of the ancient Greek tragedy,blbooks
1811,The Battle of Albuera: a poem. With an epistle dedicatory to Lord Wellington,blbooks
1811,"The Baviad and Mæviad. A new edition, revised",blbooks
1811,"The Boarding-House; or, Five hours at Brighton. A musical farce, in two acts, etc",blbooks
1811,The Castle of Otranto; a Gothic story. (With a critical introduction.),blbooks
1811,"The Considerations of a Citizen on a Pamphlet lately published, on the proposed Pier and Harbour at Dunleary, etc",blbooks
1811,"The Dramatic Works of B. J, and Beaumont and Fletcher: the first printed from the text, and with the notes of, P. Whalley; the latter, from the text, and with the notes of, ... G. Coleman [With memoirs, prefaces of former editions, etc.]",blbooks
1811,"The Expedition of Cyrus into Persia; and the Retreat of the Ten Thousand Greeks. Translated ... with critical and historical notes, by Edward Spelman ... A new edition, etc",blbooks
1811,"The Fall of Cambria, a poem",blbooks
1811,"The Gazette Extraordinary: a comedy, in five acts [and in prose]",blbooks
1811,The Giants' Causeway; a poem,blbooks
1811,"The Hero of the North, an historical play, etc",blbooks
1811,"The History of Georgia, containing brief sketches of the most remarkable events, up to the present day",blbooks
1811,"The History of Ireland, from its Union with Great Britain in January 1801 to October 1810 [With an appendix to vol. 1 and to vol. 3.]",blbooks
1811,"The History of London, and its environs. ... Likewise an account of all the towns, villages and country, within twenty-five miles of London. By ... H. Hunter ... and other gentlemen. ... With maps, plans and views",blbooks
1811,"The Kiss, a comedy, in five acts, etc [In verse.]",blbooks
1811,"The Knight of Snowdoun; a musical drama, in three acts [Founded upon Sir Walter Scott's 'Lady of the Lake.']",blbooks
1811,The Lady of the Lake ... The fifth edition,blbooks
1811,"The Lay of the Last Minstrel ... The eighth edition. With ballads and lyrical pieces. (There is added an appendix of Poetical Pieces, which are to be found in no other edition of Mr. Scott's works.)",blbooks
1811,"The New Chronicles of England and France, in two parts; by R. F, named by himself The Concordance of histories. Reprinted from Pynson's edition of 1516. The first part collated with the editions 1533, 1542 and 1559; and the second with a manuscript of the Author's own time, as well as the subsequent editions: including the different continuations. To which are added a biographical and literary preface, and an index, by H. Ellis",blbooks
1811,"The New Geographical Grammar ... Comprehending a copious ... account of ... Europe, Asia, Africa and America ... To which is prefixed, a concise System of Astronomical Geography, by J. Ferguson",blbooks
1811,"The Patriot, or Hermit of Saxellen; a musical drama, in three acts, etc. (Second edition.)",blbooks
1811,"The Peasant Boy, an opera, etc",blbooks
1811,The Philosopher; or historical and critical notes,blbooks
1811,"The Plants, a poem, cantos the first and second; with notes, and occasional poems. (Cantos the third and fourth, with notes and observations.)",blbooks
1811,"The Report of the Select Committee of Burgesses of Newcastle upon Tyne relative to the intended Act of Parliament for the improvement of the Town Moor, Castle Leazes, and Nun's Moor: with a copy of the draught of the intended Bill and ... of the existing Act of Parliament for the management of the moor",blbooks
1811,"The Royal Oak, an historical play, etc",blbooks
1811,"The Times; or, the Prophecy. A poem [By G. Daniel.] MS. notes [by G. Daniel]",blbooks
1811,The Tocsin. (With several minor poems.) By a Member of the Honourable Society of Lincoln's Inn [Daniel Cabanel],blbooks
1811,"The Trial by Jury, a comic piece, in two acts [and in prose with songs]",blbooks
1811,"The Vision of Don Roderick, and other poems. ... Second edition",blbooks
1811,The Vision of Don Roderick; a poem,blbooks
1811,"The Winter Day, with other poems",blbooks
1811,"The history and Antiquities of Scarborough and the Vicinity, with views and plans",blbooks
1811,"The history of Sumatra : containing an account of the government, laws, customs, and manners of the native inhabitants, with a description of the natural productions, and a relation of the ancient political state of that island",blbooks
1811,"The history, topography and antiquities of the parish of St. Mary Islington, in the county of Middlesex : including biographical sketches of the most eminent and remarkable persons who have been born, or have resided there ; illustrated by seventeen engravings",blbooks
1811,The journey from Chester to London,blbooks
1811,"The picture of Dublin, being a description of the City ... With a map of Dublin in ... 1610, a large map for the present year and several views, etc",blbooks
1811,"The present Picture of New South Wales, illustrated with four large coloured views of Sydney, with a plan of the Colony, etc",blbooks
1811,"Timour the Tartar. A grand romantic melo-drama, etc",blbooks
1811,"Translations from Ancient Irish Manuscripts, and other poems",blbooks
1811,"Travels in Various Countries of Europe, Asia and Africa. (pt. 1. Russia, Tartary and Turkey.-pt. 2. Greece, Egypt and the Holy Land.-pt. 3. Scandinavia.) [With plates, including a portrait.]",blbooks
1811,"Travels in the Island of Iceland, during the summer of the year 1810. By Sir G. S. Mackenzie [assisted by H. Holland and R. Bright] . L.P",blbooks
1811,"Travels in the South of Spain, in letter written A.D. 1809 and 1810 [With plates.]",blbooks
1811,"Young's Revenge, a tragedy, revised by J. P. Kemble ... as it is acted at the Theatre Royal in Covent Garden",blbooks
1811,Vaderlandsche letteroefeningen. Jaargang 1811,dbnl
1811,Bataviasche koloniale courant,delpher
1811,Journal du département des bouches du Rhin,delpher
1811,PlakkaatboekDeel15,plakaatboek
1811,PlakkaatboekDeel16,plakaatboek
1812,"Alexandria daily gazette, commercial &amp; political. [volume] (Alexandria [Va.]) 1808-1812",american_stories
1812,"Alexandria gazette, commercial and political. [volume] (Alexandria [Va.]) 1812-1817",american_stories
1812,"Martinsburgh gazette. [volume] (Martinsburgh, Va. [W. Va.]) 1810-1825",american_stories
1812,Portland gazette and Maine advertiser.,american_stories
1812,"Portland gazette and Maine advertiser. (Portland, Me.) 1805-1818",american_stories
1812,"The Rhode-Island Republican. [volume] (Newport, R.I.) 1809-1841",american_stories
1812,"The enquirer. [volume] (Richmond, Va.) 1804-1815",american_stories
1812,"Virginia Argus. [volume] (Richmond, Va.) 1796-1816",american_stories
1812,"Winchester gazette. [volume] (Winchester, Va.) 18??-1826",american_stories
1812,"A Bold Stroke for a Husband ... As performed at the Theatre Royal, Covent Garden. Printed ... from the prompt book. With remarks by Mrs. Inchbald",blbooks
1812,"A Chronological Abridgment of the History of Great Britain, from the first invasion of the Romans to the year 1763. With genealogical and political tables, etc",blbooks
1812,"A Commercial View, and Geographical Sketch, of the Brasils in South America, and of the Island of Madeira, etc",blbooks
1812,"A Companion to Saint Andrew's Hall in the city of Norwich, giving a concise description of the ancient building, a catalogue of the pictures contained therein, and the names of the artists by whom they were painted. The second edition",blbooks
1812,"A Compendious System of Modern Geography, historical, physical, political, and descriptive: accompanied with ... notes; and a series of correct maps, etc",blbooks
1812,"A Complete System of Chronology, etc",blbooks
1812,"A Geographical and Historical View of the World: exhibiting a complete delineation of the natural and artificial features of each country, etc",blbooks
1812,"A Guide to the Lakes in Cumberland, Westmorland, and Lancashire. By the author of the Antiquities of Furness [i.e. T. West] . The tenth edition",blbooks
1812,"A Journal of Travels in England, Holland, and Scotland, and of two passages over the Atlantic, in the years 1805 and 1806. Second edition",blbooks
1812,"A Journal of the Campaign in Portugal and Spain, ... 1809 to 1812",blbooks
1812,"A Letter from Athens, addressed to a friend in England [In verse. By C. Kelsale. With plates.]",blbooks
1812,"A Letter to D. Sykes ... respecting the Proceedings at the Meeting of the subscribers to the Hull Subscription Library, etc",blbooks
1812,A Literal Translation of Murray's Logic; with ... questions and answers ... by a Gentleman of this city [i.e. Dublin],blbooks
1812,"A Narrative of the Campaigns of the Loyal Lusitanian Legion, under Brigadier General Sir Robert Wilson [by - Flower? or Sir John Scott Lillie?] With some account of the military operations in Spain and Portugal during the years 1809, 1810 & 1811 [Edited, with an introductory chapter, by William Mayne.]",blbooks
1812,"A Narrative of the Confinement and Exile of William Steel Dickson, D.D. ... To which is annexed, an account of an assault committed on the author, September 9th, 1811, on his return from the Catholic Meeting in the city of Armagh; with a sketch of proceedings consequent thereon [With an appendix: 'Three sermons on the subject of scripture politics.']",blbooks
1812,"A Narrative of the manner in which the campaign against the Indians in the year one thousand seven hundred and ninety one was conducted under the command of Major-General St. Clair, together with his observations on the statements of the Secretary of War, and the Quarter Master General ... and the Reports of the Committees, etc",blbooks
1812,"A Season at Harrogate, in a series of poetical epistles, from Benjamin Blunderhead, Esquire, to his mother, etc",blbooks
1812,A Season at Harrogate; in a series of poetical epistles ... With useful and copious notes descriptive of the objects most worthy of attention in the vicinity,blbooks
1812,"A Second Journey to Spain, in the spring of 1809; from Lisbon ... to Sevilla, Cordova, Granada, Malaga and Gibraltar. With plates, etc",blbooks
1812,A Series of Plays: in which it is attempted to delineate the stronger passions of the mind-each passion being the subject of a tragedy and a comedy,blbooks
1812,"A Touch at the Times; a comedy, in five acts [and in prose]",blbooks
1812,A Treatise on the elements of Music ... With plates,blbooks
1812,"A dissertation on that portion of Scotish history termed the Gowry Conspiracy, in which an attempt is made to point out ... the causes of the catastrophe ... at Perth, on the fifth of August, 1600",blbooks
1812,A sketch of local history being a chain of incidents relating to the state of the Fens,blbooks
1812,Account of the Island of Madeira,blbooks
1812,"Albina, Countess Raimond ... As performed at the Theatre-Royal, Hay-Market, etc",blbooks
1812,An Account of the Gold Coast of Africa: with a brief history of the African Company,blbooks
1812,"An Appeal to the nation by the Union for Parliamentary Reform according to the constitution. With an account of its institution and early proceedings. To which are added, a Letter to Lord Milton, afterwards 5th Earl Fitz William, [in answer to his Election addresses] by W. Fawkes, Esq. And the articles adopted by the local Union at Halifax",blbooks
1812,"An Historical Review of Pennsylvania, from its origin, etc",blbooks
1812,"An account of Ireland, statistical and political",blbooks
1812,"An account of the Islands of Walcheren and South Beveland ... describing the ... operations of His Majesty's army during the siege of Flushing, etc",blbooks
1812,"An useful compendium of many important and curious branches of science and general knowledge : to which are added, some rational recreations in numbers, with easy and expeditious methods of constructing magic squares, and specimens of some in the higher class",blbooks
1812,Ballads and Lyrical Pieces,blbooks
1812,"Bibliography: a poem. In six books. Book 1 [The advertisement signed: T. F. D, i.e. Thomas F. Dibdin.]",blbooks
1812,Childe Harold's Pilgrimage. A romaunt [Cantos I and II. With fourteen other poems.],blbooks
1812,Copy of the fifth Report from the Select Committee of the House of Commons on the affairs of the East India Company. 28th July 1812 [Without the Appendices.],blbooks
1812,Dissertations on the History of Ireland. To which is subjoined a Dissertation on the Irish Colonies established in Britain. With some remarks on MacPherson's translation of Fingal and Temora,blbooks
1812,"Elegy on his Grace, Henry Duke of Buccleugh",blbooks
1812,"Enchiridion clericum; or, The preacher's guide; in two parts. Part I. The art of getting up sermons. Part II. Delivery and canting [By the Rev. James Holme.]",blbooks
1812,England's Helicon [Probably edited by Nicolas Ling.] A collection of pastoral and lyric poems first published at the close of the reign of Q. Elizabeth,blbooks
1812,Epistles in verse between Cynthio and Leonora ... descriptive of a voyage to and from the East Indies. With several occasional pieces,blbooks
1812,Fourth edition,blbooks
1812,"General view of the agriculture of the county of Caithness, etc",blbooks
1812,"Glenfinlas, and other ballads, etc. With the Vision of Don Roderick: a poem ... Illustrated with engravings from the designs of R. Westall, etc",blbooks
1812,"Hampstead Heath; a poem, sacred to friendship",blbooks
1812,"High-gate Tunnel; or, the Secret Arch. A burlesque operatic tragedy in two acts [and in verse] . By Momus Medlar Esq",blbooks
1812,"How to Die for Love! A farce in two acts [and in prose], adapted from a sketch in one act, by Kotzebue, called 'Blind Geladen.'",blbooks
1812,"Hubert and Ellen. With other poems, etc. L.P",blbooks
1812,"Journal of a residence in India, etc",blbooks
1812,"Le Guide des études historiques, ou la Chronologie appliquée à l'histoire ... précédé d'une lettre à Madame de Th, servant d'introduction",blbooks
1812,Letters from an Irish student in England to his father in Ireland. Second edition,blbooks
1812,"Letters from the Continent: describing the Manners and Customs of Germany, Poland, Russia, and Switzerland in the years 1790, 1791, and 1792; to a friend residing in England",blbooks
1812,"Letters on the Nicobar Islands; their natural productions, and the manners and superstitions of the natives, with an account of an attempt made ... to convert them to Christianity. Addressed ... to [and edited by] the Rev. C. I. Latrobe",blbooks
1812,"Marmion: or, Floddon Field. A drama [in five acts and in verse], founded on the poem of Walter Scott",blbooks
1812,Memoirs of the War in the Southern Department of the United States,blbooks
1812,"Metrical Effusions, or verses on various occasions [By Bernard Barton]",blbooks
1812,Minstrelsy of the Scottish Border ... Third edition,blbooks
1812,Miscellaneous Poems,blbooks
1812,Miscellaneous Poems. (Paraphrases from David's Psalms.),blbooks
1812,"Narrative of a passage from the island of Cape Breton across the Atlantic Ocean, with other interesting occurrences, in a letter to a friend",blbooks
1812,Neglected Genius: a poem; illustrating the untimely and unfortunate fate of many British Poets ... containing imitations of their different styles,blbooks
1812,Notice historique et descriptive sur l'Église de Notre-Dame de Chartres. (Extrait du Magasin Encyclopédique.),blbooks
1812,"Observations and remarks during four excursions made to various parts of Great Britain, in ... 1810 and 1811, etc",blbooks
1812,"Observations on the Character, Customs, and Superstitions of the Irish; and on some of the causes which have retarded the moral and political improvement of Ireland",blbooks
1812,Observations on the disturbances in the Madras Army in 1809,blbooks
1812,"Ode to Trinity College, Cambridge [By George Pryme.]",blbooks
1812,Odes in honour of His Royal Highness the Prince Regent. With other poems,blbooks
1812,Of England [Translated from the first edition of 'De l'Angleterre.'],blbooks
1812,Poems,blbooks
1812,"Poems, by C. S. and Charles Symmons [Edited by the latter.]",blbooks
1812,Poetic Tales and Miscellanies,blbooks
1812,"Poetical Vagaries; containing An Ode to We, a hackney'd critic; Low Ambition, or the Life and death of Mr. Daw; A Reckoning with Time; The Lady of the Wreck, or Castle Blarneygig; Two Parsons, or the Tale of a shirt",blbooks
1812,"Poetical selections : consisting of the most approved pieces of our best British poets, excellent specimens of fugitive poetry, and some original pieces",blbooks
1812,"Popular Opinions, or a picture of real life, exhibited in a dialogue between a Scotish Farmer and a Weaver ... To which is added, an epistle from the Farmer to Elizabeth Hamilton, Author of the Cottagers of Glenburnie. In Scottish verse [Signed, Andrew Clover.]",blbooks
1812,"Portugal delivered; a poem, in five books",blbooks
1812,Portugal. A poem. In two parts,blbooks
1812,Psyche: with other poems,blbooks
1812,"R---y---l [Royal] Stripes; or, a kick from Yar-h [Yarmouth] to Wa-s [Wales] ; with the particulars of an expidition [sic] to Oat---ds [Oatlands], and the Sprained Ancle: a poem. By P- P-, Poet Laureat [By George Daniel.] [A satire, founded on the reported horsewhipping of the Prince of Wales by F. C. S. Conway, Lord Yarmouth.] Few MS. notes",blbooks
1812,"Recherches historiques sur la ville de Dôle, etc",blbooks
1812,"Religionism; or, Popular preachers, alias pulpiteers. A satire [By the Rev. James Holme.] Second edition",blbooks
1812,"Rich and poor. A comic opera, in three acts, etc",blbooks
1812,"Right and Wrong. A comedy, in five acts [and in prose]",blbooks
1812,"Roncesvalles: a poem, in twelve books",blbooks
1812,"Seconde Guerre de Pologne; ou, considérations sur la paix publique du continent et sur l'indépendance maritime de l'Europe",blbooks
1812,"Selections for the illustration of a course of instructions on the rhythmns and utterance of the English language: with an Introductory Essay on the application of rhythmical science to the treatment of impediments, etc",blbooks
1812,"Shipwrecks and Disasters at Sea; or historical narratives of the most noted calamities and providential deliverances, which have resulted from maritime enterprize: with a sketch of various expedients for preserving the lives of mariners [By Sir J. G. Dalyell.]",blbooks
1812,Simple Minstrelsy,blbooks
1812,Sketches historical and descriptive of Louisiana,blbooks
1812,"Sketches, Civil and Military, of the Island of Java ... Second edition, with additions",blbooks
1812,"Sophia's letter to the B [a] r [o] n Ger [am] b; or, Whiskers in the dumps, with old sighs set to new tunes. A poem [A satire. By P- P-, Poet Laureate, i.e. G. Daniel.] MS. note",blbooks
1812,"Spanish Patriots a Thousand Years ago. An historical drama. In three acts, etc",blbooks
1812,"Squibs and Crackers, serious, comical ... By Jasper Smallshot",blbooks
1812,"The American Universal Geography, or, a view of all the empires, kingdoms, states and republics in the known world, and of the United States of America in particular ... Third edition. The introduction revised and amended by J. Webber, etc",blbooks
1812,"The Belle's Stratagem ... As performed at the Theatres Royal, Drury Lane and Covent Garden. Printed ... from the prompt book. With remarks by Mrs. Inchbald",blbooks
1812,The Conduct of Man. A dramatic epistolary poem,blbooks
1812,"The Eudoxologist; or, an ethicographical survey of the Western Parts of Ireland. A poem. To which are prefixed, the author's poems on the Giant's Causeway, and Killarney; with other miscellaneous compositions",blbooks
1812,"The Genuine Rejected Addresses, presented to the Committee of Management for Drury-Lane Theatre; preceded by that written by Lord Byron, and adopted by the Committee",blbooks
1812,"The Geographical and Historical Dictionary of America and the West Indies, containing an entire translation of the Spanish work of ... A. de Alcedo, with large additions ... by G. A. Thompson",blbooks
1812,"The Grecian history, from the earliest state, to the death of Alexander the Great ... A new edition",blbooks
1812,"The History of America ... In which is included the posthumous volume, etc",blbooks
1812,"The History of the Parliament of England, which began Nov. the third, 1640. With a short ... view of some precedent years",blbooks
1812,The Legend of Cathleen and Kevin; a poem. By - - Esq. Barrister at Law,blbooks
1812,"The Peasant Boy, an opera, etc",blbooks
1812,The Pleasures of Human Life. A poem,blbooks
1812,"The Ponderer, a series of essays; biographical, literary, moral and critical. (Originally published in the British Mercury.)",blbooks
1812,"The R------l Lover; or, a D-ke defeated ... The eleventh edition [A satire on the Duke of Clarence, afterwards King William IV.]",blbooks
1812,"The R---l [Royal] First-Born [i.e. George Prince of Wales, afterwards King George IV.] ; or, the baby out of his leading-strings: containing the particulars of a P-y [Princely] Confirmation by the B-p of O-g [Bishop of Osnaburg, i.e. Frederick, Duke of York] : introducing old friends with new faces: a poem ... By P- P-, Poet Laureat, author of the suppressed poem [By George Daniel] . Few MS. notes",blbooks
1812,"The Renegade, a grand historical drama, in three acts [and in prose] . Founded on Dryden's Don Sebastian",blbooks
1812,"The River Wye, and other poems",blbooks
1812,"The Rosary, or Beads of Love with the poem of Sula: in three cantos",blbooks
1812,The Sufferings of the Primitive Martyrs: a prize poem,blbooks
1812,"The Virgin of the Sun, an operatic drama [in three acts and in prose]",blbooks
1812,The Widow and her Orphan Family. An elegy,blbooks
1812,The Works of Adam Smith. With an account of his life and writings by Dugald Stewart,blbooks
1812,"The Works of John Locke, etc. Eleventh edition",blbooks
1812,"The Works of Mr. Thomas Otway, etc [With a portrait.]",blbooks
1812,"The Works of Peter Pindar, Esq. ... To which is prefixed some account of his life",blbooks
1812,"The Works, in verse and prose, of ... R. T. Paine ... With notes. To which are prefixed sketches of his life, character and writings (by Charles Prentiss)",blbooks
1812,"The chronicle of J. H, containing an account of public transactions from the earliest period of English History to the beginning of the reign of King Edward the fourth. Together with the continuation by R. Grafton, to the thirty-fourth year of King Henry the Eighth ... To which are added a biographical and literary preface, and an index by H. Ellis",blbooks
1812,"The history of England, from the Revolution to the death of George the Second. Designed as a continuation of Mr. Hume's History ... A new edition, with the author's last corrections and improvements",blbooks
1812,The history of North Carolina,blbooks
1812,"The history of Scotland ... The thirteenth edition, with alterations and additions",blbooks
1812,"Themes of Admiration; a philosophical poem, with other metrical specimens",blbooks
1812,Third edition,blbooks
1812,"Three R----l Bloods; or, a Lame r-t, a darling commander, and a love-sick admiral. A poem. By Peter Pindar, Jun. (Seventh edition.)",blbooks
1812,"Three R-l Bloods; or, a lame R-t [Regent], a darling Commander [the Duke of York], and a lovesick Admiral [the Duke of Clarence] . A poem. By Peter Pindar Jun",blbooks
1812,To the Free Burgesses of Maldon [In reference to the restoration of their charter.],blbooks
1812,"Travels in Greece, Palestine, Egypt, and Barbary, during the years 1806 and 1807 ... Translated ... by Frederic Shoberl. Second edition [With a map.]",blbooks
1812,"Travels in Southern Africa, in the years 1803, 1804, 1805, and 1806. Translated from the German by A. Plumptre",blbooks
1812,Travels in some parts of North America in the years 1804-1806,blbooks
1812,"Travels in the interior of Brazil, particularly in the gold and diamond districts, including a voyage to the Rio de la Plata, and an historical sketch of the revolution of Buenos Ayres. Illustrated with engravings",blbooks
1812,Travels through the Southern Provinces of the Russian Empire in 1793 and 1794. Translated from the German [by F. W. Blagdon] . MS. notes,blbooks
1812,"Travels, between the years 1765 and 1773 ... into Abyssinia ... comprehending an interesting narrative of the author's adventures in Abyssinia ... being the substance of the original work",blbooks
1812,Trick for Trick or the Admiral's Daughter. A farce in two acts,blbooks
1812,"Turn out! A musical farce, in two acts [in prose]",blbooks
1812,"Two successive Tours throughout Wales, with several of the adjacent English Counties, etc",blbooks
1812,"Voyage à la Val.-Sainte de Notre-Dame de la Trappe, dans le canton de Fribourg en Suisse, etc",blbooks
1812,"Voyages and travels in the years 1809, 1810, and 1811; containing ... statistical, commercial and miscellaneous observations on Gibraltar, Sardinia, Sicily, Malta, Serigo and Turkey",blbooks
1812,"Warwick Castle, a poem. Embellished with engravings, from drawings by J. Roe, Warwick",blbooks
1812,Which is the Man? ... The fifth edition,blbooks
1812,Who's the Dupe? ... The seventh edition,blbooks
1812,Xenophon's History of the Affairs of Greece by the translator of Thucydides [i.e. W. Smith],blbooks
1812,Vaderlandsche letteroefeningen. Jaargang 1812,dbnl
1812,Java government gazette,delpher
1812,Journal du département des bouches du Rhin,delpher
1813,"Alexandria gazette, commercial and political. [volume] (Alexandria [Va.]) 1812-1817",american_stories
1813,"Martinsburgh gazette. [volume] (Martinsburgh, Va. [W. Va.]) 1810-1825",american_stories
1813,Portland gazette and Maine advertiser.,american_stories
1813,"Portland gazette and Maine advertiser. (Portland, Me.) 1805-1818",american_stories
1813,The Alexandria herald. [volume] (Alexandria [Va.]) 1811-1826,american_stories
1813,"The Rhode-Island Republican. [volume] (Newport, R.I.) 1809-1841",american_stories
1813,"The enquirer. [volume] (Richmond, Va.) 1804-1815",american_stories
1813,"Virginia Argus. [volume] (Richmond, Va.) 1796-1816",american_stories
1813,"Winchester gazette. [volume] (Winchester, Va.) 18??-1826",american_stories
1813,"'The Book!' or, the Proceedings and correspondence upon the subject of the inquiry into the conduct of Her Royal Highness the Princess of Wales ... To which is prefixed a Narrative of the recent events that have led to the publication of the original documents. With a statement of facts relative to the child, now under the protection of Her Royal Highness [With an appendix of documents, depositions, etc.]",blbooks
1813,"A Catalogue of the subjects of Natural History, in the Museum of the ... Dublin Society, systematically arranged; also of the Antiquities, etc",blbooks
1813,"A Journey through Albania and other provinces of Turkey in Europe and Asia, to Constantinople, during the years 1809 and 1810",blbooks
1813,"A Metrical History of England; or, Recollections, in rhyme, of some of the most prominent features in our national chronology, from the landing of Julius Cæsar; to the commencement of the Regency, in 1812, etc",blbooks
1813,A Midnight Meditation among the Ruins at Tixall [A poem. By A. Clifford.],blbooks
1813,A Narrative of the campaign in Russia during the year 1812,blbooks
1813,"A Narrative, in two parts: written in 1812 [On a journey mainly through France, Switzerland and Greece in the years 1803-11. By Henry Cazenove. With a map.]",blbooks
1813,"A Short Topographical Description of ... Upper Canada, ... to which is annexed, a Provincial Gazetteer",blbooks
1813,"A Sketch of Worthing and its environs: to which is added a selection of ludicrous poetical effusions, etc [By J. Mackcoull.]",blbooks
1813,"A Tale of Mystery ... Second edition, with etchings after designs by Tresham",blbooks
1813,A Topographical Account of Tattershall in the county of Lincoln,blbooks
1813,"A Topographical Dictionary of Scotland, and of the Islands in the British Seas ... Being a continuation of the Topography of the United Kingdom of Great Britain and Ireland",blbooks
1813,"A new picture of the Isle of Wight, illustrated with twenty-six plates ... in imitation of the original sketches, drawn and engraved by W. Cooke ... Second edition, with improvements",blbooks
1813,"A view of Bath, historical, political and chronological, etc",blbooks
1813,"A view of society and manners in the North of Ireland in the summer and autumn of 1812, etc",blbooks
1813,"Advertisement, or syllabus of means for rectifying ... and consummating all our foreign and all our domestic interests with those of the world at large on a permanent basis ... and ... to be comprised in a pamphlet entitled, 'A final Address,' &c, and in certain printed papers",blbooks
1813,"An Account of the systems of Husbandry adopted in the more improved districts of Scotland, etc",blbooks
1813,An Appendix to Poems on several occasions; being a continuation of the Sylva,blbooks
1813,"An Essay on certain points of resemblance between the ancient and modern Greeks. Second edition, corrected",blbooks
1813,"An Introduction to Geology, illustrative of the general structure of the earth; comprising the elements of the science, and an outline of the geology and mineral geography of England",blbooks
1813,An historical account and description of the City of Moscow ... By I. A. M. S******** [Sulkowski],blbooks
1813,"Anecdotes of the celebrated William Hogarth; with an explanatory description of his works. With a portrait. (The Analysis of beauty, etc.)",blbooks
1813,"Annales françaises, depuis le commencement du règne de Louis XVI, jusqu'aux États-Généraux, 1774 à 1789 ... Seconde édition",blbooks
1813,Arrian's History of the Expedition of Alexander the Great ... Translated ... by Mr. Rooke and now corrected and enlarged ... The second edition,blbooks
1813,"Autumnal Reflections, a poem, ... with a few other pieces",blbooks
1813,Childe Harold's Pilgrimage. A romaunt [Cantos I and II. With fourteen other poems.],blbooks
1813,"Elegiac stanzas, inscribed to the memory of Mary Ann, the deceased wife of R. Bacon, etc",blbooks
1813,"Elements of Geography, or, an extensive abridgment thereof ... Illustrated with maps ... Accompanied with a new ... introduction, comprising the astronomical and other subjects preliminary to the study of geography: by E. Hoyt",blbooks
1813,"Essay on the Theory of the Earth. Translated ... by Robert Kerr ... With mineralogical notes, and an account of Cuvier's geological discoveries, by Professor Jameson",blbooks
1813,"First Impressions; or, Trade in the West. A comedy in five acts [and in prose]",blbooks
1813,Forbury Hill: a poem,blbooks
1813,"Greenes Groatsworth of Witte, bought with a million of Repentance, describing the Folly of Youth, and falshood of Makeshift Flatterers, etc [Edited by J. H, i.e. John Hind?] B.L",blbooks
1813,"Gustavus Vasa, and other poems",blbooks
1813,"History of England ... And a further continuation to the period of peace, in 1814 ... by Hewson Clarke",blbooks
1813,"Horns for ever! or, A procession to Blackheath; an heroic poem, in three cantos [By Joshua Jenour.]",blbooks
1813,Infancy. A poem,blbooks
1813,Journal of a tour in Iceland in the summer of 1809,blbooks
1813,"Leaves of Laurel; or, New Probationary Odes, for the vacant Laureatship [A series of parodies.] Collected and edited by Q. Q. and W. W",blbooks
1813,"Letter to the Rev. T. Watson: occasioned by his pamphlet, entitled, 'Evangelical Principles exemplified.'",blbooks
1813,"Letters written in a Mahratta Camp during the year 1809, descriptive of the character, manners, domestic habits, and religious ceremonies, of the Mahrattas. With ten coloured engravings, from drawings by a native artist",blbooks
1813,"Metrical Remarks on Modern Castles and Cottages, and architecture in general [The preface signed: Ædituus.]",blbooks
1813,"Metrical Scions, or Traits of Patriotism; a poem, with notes",blbooks
1813,"Mineralogical travels through the Hebrides, Orkney and Shetland Islands, etc",blbooks
1813,"Miscellaneous Remarks, in two parts: 1st. On Vincent's Geography of Susiana. 2d. Supplementary note on the site of the ancient city of Palibothra, etc",blbooks
1813,Modern Poets. A dialogue in verse,blbooks
1813,"Narrative Poems on the Female Character, in the various relations of life",blbooks
1813,"Naval Poems. Pleasures of the naval life, and the Battle of Trafalgar",blbooks
1813,"Northern Campaigns, from the commencement of the War in 1812 to the Armistice signed and ratified June 4, 1813; with an appendix, containing all the bulletins issued by the French ruler ... Illustrated by maps ... and plans, etc",blbooks
1813,Northern Triumphs and Iberian Victories; or Gallic Pride humbled. A poem,blbooks
1813,Poems on Several Occasions,blbooks
1813,"Poems, Ballads, and Songs, on various occassions",blbooks
1813,Poetical Attempts,blbooks
1813,"Poetical Sketches of Scarborough [By J. P, i.e. J. B. Papworth, W, i.e. F. Wrangham, and W. Combe] : illustrated by twenty-one engravings ... coloured from original designs, made ... by J. Green, and etched by T. Rowlandson. The second edition",blbooks
1813,Prince Malcolm: in five cantos; with other poems,blbooks
1813,"Proceedings under the Special Commission at York ... for the trial of offences connected with the late disturbances in the West Riding, etc",blbooks
1813,"Remarks on antiquities, arts, and letters during an excursion in Italy in ... 1802 and 1803",blbooks
1813,"Report of the Proceedings ... at a meeting held ... on the formation of an Auxiliary Bible Society for the town of Pontefract, etc",blbooks
1813,"Retributive Justice: a tragedy in five acts [and in prose], etc [Founded on the story of Kruitzner in the Canterbury Tales.]",blbooks
1813,Rokeby; a poem,blbooks
1813,Sicily and its inhabitants. Observations made during a residence in that country in the years 1809 and 1810,blbooks
1813,"Sir Thomas Herbert's Memoirs, &c",blbooks
1813,"Sketch of a Journal of the Retreat and Flight of the French Armies from Moscow, and the pursuit of the Russians, to their arrival on the Vistula [By Charles Hamilton Smith. With maps.]",blbooks
1813,Sketches of the internal state of France. Second edition,blbooks
1813,Some Account of London. The fifth edition with ... additions,blbooks
1813,"Songs, Duets, Chorusses, &c. in the new divertisement called Orange Boven; or, More good news [by Thomas J. Dibdin], etc",blbooks
1813,"Spain delivered, a poem, in two cantos; and other poems",blbooks
1813,"Specimens of English Dramatic Poets, who lived about the time of Shakspeare: with notes. By Charles Lamb",blbooks
1813,"The African Princess, and other poems",blbooks
1813,The Bride of Abydos. A Turkish tale,blbooks
1813,The Burning of Moscow. A poem,blbooks
1813,"The Cambrian Traveller's Guide and Pocket Companion; collected information of the most ... authentic writers, relating to the Principality of Wales; ... augmented by considerable additions, etc",blbooks
1813,"The Campaign, a poem; in commemoration of the ... battles of Vittoria and the Pyrenees",blbooks
1813,The Columbiad. A poem,blbooks
1813,"The Expedition of Cyrus into Persia; and the Retreat of the Ten Thousand Greeks. Translated ... with critical and historical notes, by Edward Spelman ... A new edition, etc",blbooks
1813,The Farmer; a poem,blbooks
1813,"The Giaour, a fragment of a Turkish tale ... From the third London edition",blbooks
1813,"The Giaour, a fragment of a Turkish tale [By Lord Byron.] F.P",blbooks
1813,"The History and Directory of Walsall ... To which is added a correct account of the trial between the Borough and Foreign, &c",blbooks
1813,"The History of Catiline's Conspiracy, and the Jugurthine War ... With a new translation of Cicero's four Orations against Catiline. To which is prefixed, the Life of Sallust [By William Rose.]",blbooks
1813,The History of New-Hampshire [With a map.],blbooks
1813,The History of the Irish Catholics from the Settlement in 1691. With a view of the state of Ireland from the Invasion by Henry II. to the Revolution. pt. 1,blbooks
1813,"The History of the Kingdom of Scotland ... to the happy Union of both kingdoms ... in 1602 ... By Richard Burton (N. Crouch) . A new edition, with woodcut portraits [of the first part of 'The History of the Kingdoms of Scotland and Ireland.'] [Edited by James Caulfield.] L.P",blbooks
1813,"The History of the Present War in Spain and Portugal, from its commencement to the Battle of Vittoria ... To which will be added, Memoirs of the Life of Lord Wellington ... With ... engravings, maps, etc",blbooks
1813,The History of the Progress and Termination of the Roman Republic ... A new edition ... revised and corrected. With maps,blbooks
1813,"The Irish Catholic; a patriotic poem; in five cantos, etc",blbooks
1813,"The Miller and his Men, a melo-drame, in two acts. Second edition",blbooks
1813,The Modern Antique: or the Muse in the costume of Queen Anne [By Isaac Gompertz.],blbooks
1813,"The Nondescript, a musical farce, in two acts; which was not performed at the Theatre Royal, Covent Garden, on Tuesday, October 5th, 1813 [By-Devis.]",blbooks
1813,"The Political Constitution of the Spanish Monarchy proclaimed in Cadiz 19th of March 1812 [The translator's dedication is signed, 'Philos Hispaniæ.']",blbooks
1813,The Rival Roses; or the Wars of York and Lancaster. A metrical tale [by E. S. Francis],blbooks
1813,"The Russian Sacrifice, or Burning of Moscow, an historical and musical drama, in three acts, etc",blbooks
1813,The Shannon and the Chesapeake: a Poem,blbooks
1813,"The Stranger's Visit, with other minor poems",blbooks
1813,"The Students of Salamanca; a comedy, in five acts [and in prose], etc",blbooks
1813,"The Tour of Doctor Syntax: in search of the picturesque ... Fifth edition, with new plates [By William Combe.]",blbooks
1813,"The Travels and Memoirs of Sir John Reresby, Bart. The former (now first published) exhibiting a view of the Governments and Society in the principal States, and Courts of Europe during the time of Cromwell's usurpation: the latter containing anecdotes and secret history of the Courts of Charles II. and James II",blbooks
1813,"The Twilight of Sardis, or, the setting of Zion's evening star; being some considerations on the present state of the Church of Christ ... Suggested by the ... death of ... the Rev. W. Huntington [In verse.]",blbooks
1813,"The Works of Cornelius Tacitus; with an essay on his life and genius, notes, supplements, &c, by Arthur Murphy ... A new edition, with the author's last corrections",blbooks
1813,"The World before the Flood; a poem, in ten cantos. With other occasional pieces",blbooks
1813,"The Year, a poem",blbooks
1813,The antiquities of Furness ... 1774,blbooks
1813,"Travelling Sketches in Russia and Sweden ... The second edition, with forty-one plates",blbooks
1813,"Travels in Sweden, during the autumn of 1812. Illustrated by maps and plates",blbooks
1813,"Travels in the Morea, Albania and other parts of the Ottoman Empire, comprehending a general description of those countries ... and an historical and geographical description of the ancient Epirus. ... Translated from the French by A. Plumptre, etc",blbooks
1813,Travels in the Pyrenees ... Translated from the French ... by F. Gold,blbooks
1813,"Travels through Lower Canada and the United States of North America in the years 1806, 1807 and 1808. To which are added, biographical notices ... of some of the leading characters in the United States, etc",blbooks
1813,"Tributary Lay ... to the memory of George Heriot, the founder of Heriot's Hospital",blbooks
1813,"Voyage dans le Nord de l'Europe; consistant principalement de promenades en Norwège, et de quelques courses en Suède dans l'année MDCCCVII. ... Suivie d'un appendice ... Avec des planches, etc",blbooks
1813,"Voyages and travels in various parts of the world, during the years 1803-1807 ... Illustrated by engravings",blbooks
1813,"Walks in a Forest: or, Poems ... The fifth edition, corrected [With plates.]",blbooks
1813,Wallace; a fragment [In verse. By R. P. Gillies.],blbooks
1813,Vaderlandsche letteroefeningen. Jaargang 1813,dbnl
1813,'s Gravenhaagsche courant,delpher
1813,Java government gazette,delpher
1813,Journal du département des bouches du Rhin,delpher
1814,"Alexandria gazette, commercial and political. [volume] (Alexandria [Va.]) 1812-1817",american_stories
1814,"Martinsburgh gazette. [volume] (Martinsburgh, Va. [W. Va.]) 1810-1825",american_stories
1814,Portland gazette and Maine advertiser.,american_stories
1814,"Portland gazette and Maine advertiser. (Portland, Me.) 1805-1818",american_stories
1814,The Alexandria herald. [volume] (Alexandria [Va.]) 1811-1826,american_stories
1814,"The Rhode-Island Republican. [volume] (Newport, R.I.) 1809-1841",american_stories
1814,"The enquirer. [volume] (Richmond, Va.) 1804-1815",american_stories
1814,"Virginia Argus. [volume] (Richmond, Va.) 1796-1816",american_stories
1814,"Winchester gazette. [volume] (Winchester, Va.) 18??-1826",american_stories
1814,"A Discourse before the Massachusetts Historical Society, Boston, December 22, 1813. At their anniversary commemoration of the first landing of our ancestors at Plymouth, in 1620",blbooks
1814,"A Family Story, a comedy in five acts [and in prose] ; of which a few copies only have been printed, for the private use of the author",blbooks
1814,"A Journal of Observations, made during the British Embassy to the Court of Persia, in the years 1799, 1800 and 1801",blbooks
1814,A Letter from Paris to G. Petre ... Fourth edition,blbooks
1814,A Narrative of the Retreat of the British Army from Burgos ... With an introductory sketch of the campaign of 1812; and military character of the Duke of Wellington,blbooks
1814,"A New Geographical Dictionary; containing a description of all the empires, kingdoms, states and provinces ... in the known world ... together with the population of the counties, cities and towns in England, Scotland, and Wales ... Illustrated with plates and maps, etc",blbooks
1814,"A Poem, descriptive of a cruize in the Channel, and the last voyage of Mongo Park, to Africa, with the ship's return to England",blbooks
1814,"A Poetical Picture of Worthing, and its vicinity. With an introductory description of the route from the metropolis. By Paul Potion, S.A.A",blbooks
1814,A Short Account of the Catholic Free Schools in St. Giles's for teaching to read the Holy Scriptures; with the regulations and a list of subscribers,blbooks
1814,"A Topographical Description of Cumberland, Westmoreland, Lancashire, and a Part of the West Riding of Yorkshire",blbooks
1814,"A Visit to Paris, in June 1814",blbooks
1814,"A Voyage round the World, in the years 1803, 4, 5, & 6, performed by order of his ... Majesty Alexander the First, ... in the ship Neva, etc [With an appendix of vocabularies, tables of the ship's route, etc.]",blbooks
1814,A Voyage to the Isle of Elba; with notices of the other islands in the Tyrrhenian Sea. Translated from the French ... by W. Jordan,blbooks
1814,"A compendious and complete system of Modern Geography. Or a view of the present state of the World. Being a faithful abridgement of the American Universal Geography (edition of 1812,) with corrections and additions. ... Illustrated by a representation of the Solar System, and six maps of the principal divisions of the Globe",blbooks
1814,"A correct account of the visit of ... the Prince Regent, and his illustrious guests to the University and City of Oxford in June, 1814. To which is added the English Poems recited on the occasion, etc",blbooks
1814,"A journey through Spain in the years 1786 and 1787 ... The third edition, with additions and corrections",blbooks
1814,"A letter from Paris [historical and descriptive] to G. Petre, Esq",blbooks
1814,"A new and complete System of Universal Geography: or an authentic history of the whole world ... Illustrated by ... a new set of accurate maps, forming a ... complete atlas",blbooks
1814,"A slight sketch of Paris; or, some account of the French capital, in its improved state, since 1802, by a Visiter [S. Weston]",blbooks
1814,"Adelaide: or, The Emigrants: a tragedy [in five acts, in verse], etc",blbooks
1814,"Alpine Sketches, comprised in a short tour through parts of Holland, Flanders, France, Savoy, Switzerland and Germany, during the summer of 1814. By a Member of the University of Oxford [i.e. George Wilson Bridges]",blbooks
1814,"Amleto; tragedia ... recata in versi italiani da M. Leoni, etc",blbooks
1814,"An Attempt to Establish a Pure Scientific System of Mineralogy, by the application of the electro-chemical theory and the chemical proportions ... Translated ... by John Black [Revised by Thomas Thomson.]",blbooks
1814,"An Enquiry into the History of Scotland preceding the Reign of Malcolm III, or the year 1056. (A dissertation on the origin and progress of the Scythians.) ... In two volumes",blbooks
1814,"An Essay on Genius; or, the Philosophy of Literature",blbooks
1814,"An account of the Empire of Marocco and the Districts of Suse and Tafilelt. ... To which is added an account of Shipwrecks on the Western Coast of Africa and an interesting account of Timbuctoo ... Second edition, corrected ... and considerably enlarged. Copious MS. notes [and additions by the author and others]",blbooks
1814,An exposé on the dissensions of Spanish America,blbooks
1814,"Annals of Scotland, from the year 1514 to the year 1591. By G. Marioreybanks [Edited by J. G. Dalyell.]",blbooks
1814,Ariadne: a poem,blbooks
1814,"Azora: a metrical Romance, in four Cantos",blbooks
1814,"Carmen Britanicum; or, the Song of Britain: written in honour of his Royal Highness, George Augustus Frederick, Prince Regent",blbooks
1814,"Carmen Caledoniæ Musæ postremum. Excursio Cælestis. ... The Farewell Song of the Caledonian Muse. ... With notes, etc. Eng",blbooks
1814,Carmen Triumphale; for the year 1814,blbooks
1814,"Childe Alarique, a poet's reverie, with other poems [By R. P. G, i.e. Robert Pierre Gillies.]",blbooks
1814,Childe Harold's Pilgrimage. A romaunt [Cantos I and II. With fourteen other poems.],blbooks
1814,"Considerations on the Protection required by British Agriculture, and on the influence of the price of corn on exportable productions",blbooks
1814,De Franschen in Walcheren,blbooks
1814,"Dermid; or, Erin in the days of Borū; a poem",blbooks
1814,Don; a poem. With historical notes,blbooks
1814,"Edwin and Emma: a pastoral tale, etc [By David Black, in verse]",blbooks
1814,Eighteen hundred and thirteen; a poem in two parts,blbooks
1814,"Elegy on the Death of George Clapperton, Esq, etc [By William Clapperton.]",blbooks
1814,Elements of Political Science,blbooks
1814,Engravings of the Thoracic and Abdominal Viscera ... With descriptive letter-press,blbooks
1814,Europa Rediviva [In verse.],blbooks
1814,"Excursions in the counties of Kent, Gloucester, Hereford, Monmouth, and Somersetshire, in the years 1802, 1803, and 1805; illustrated by descriptive sketches of the most interesting places and buildings ... Second edition. F.P",blbooks
1814,Fourth edition,blbooks
1814,"Fragments in Prose and Verse: by a young lady lately deceased (Elizabeth S- [i.e. Smith]) . With some account of her life and character, by the author of 'Sermons on the Doctrine and Duties of Christianity' [Miss Henrietta Maria Bowdler]",blbooks
1814,Fugitive Pieces in Verse [With plates.],blbooks
1814,General view of the agriculture and minerals of Derbyshire,blbooks
1814,"Geschiedenis der staats-omwenteling in Nederland, voorgevallen in het jaar achttienhonderd dertien [With plates.]",blbooks
1814,Gratitude; a poem,blbooks
1814,"Histoire universelle, contenant le synchronisme des histoires de tous les peuples contemporains, tant anciens que modernes ... Première grande période, ou histoire ancienne",blbooks
1814,"Intrigue: a comic interlude, in one act [and in prose]",blbooks
1814,"Jephthah, a poem ... Second edition",blbooks
1814,Jephthah. A poem,blbooks
1814,"John of Paris, a comic opera in two acts",blbooks
1814,Journal of a Party of Pleasure to Paris [By Sir J. D. Paul.] The third edition,blbooks
1814,"Lara, a tale ... Fourth edition",blbooks
1814,"Letters from France, describing the manners and customs of its inhabitants: with observations on the Arts and Manufactures ... Interspersed with anecdotes of ... public characters",blbooks
1814,"Letters from a Lady (Miss Anne Carter.) to her Sister, during a tour to Paris, in the months of April and May, 1814",blbooks
1814,Letters on India; with etchings and a map,blbooks
1814,"London; or, an abridgment of ... Mr. Pennant's description of the British Capital ... Second edition. By ... J. Wallis",blbooks
1814,Marion of Drymnagh. A tale of Erin. In two cantos. MS. notes,blbooks
1814,"Minstrel Stolen Moments: or Shreds of Fancy [Poems, by John Macken.]",blbooks
1814,Miscellaneous poems,blbooks
1814,"Moonlight; the Doge's Daughter; Ariadne; Carmen Britannicum, or the Song of Britain; Angelica, or the Rape of Proteus [Poems.]",blbooks
1814,"Moonshine [Short poems, epigrams, etc.]",blbooks
1814,Muscovy: a poem. Second edition,blbooks
1814,"Narensky; or, the Road to Yaroslaf: a new serio-comic opera, in three acts, as performed at the Theatre Royal, Drury-Lane",blbooks
1814,"Narrative of a Forced Journey through Spain and France, as a prisoner of war, in the years 1810 to 1814",blbooks
1814,Narrative of the Most Remarkable Events which occurred in and near Leipzig ... 1813 ... Seventh edition [With 'Proceedings of the Committee for relieving the Distress in Germany.'],blbooks
1814,"Narrative of the most remarkable events which occurred in and near Leipzig, ... before, during, and subsequent to, the sanguinary series of engagements between the Allied Armies and the French, ... 1813. Illustrated with military maps ... Compiled and translated from the German by F. Shoberl",blbooks
1814,"Niobe: a prize poem, recited in the Theatre at Oxford 1814",blbooks
1814,"North Wales; including its scenery, antiquities, customs and some sketches of its natural history; delineated from two excursions ... during the summers of 1798 and 1801 ... Illustrated with a map, frontispieces, and music",blbooks
1814,"Notes on a Journey through France, from Dieppe through Paris and Lyons, to the Pyrennees, and back through Toulouse, in July, August and September, 1814, etc [With an appendix.]",blbooks
1814,"Observations made on a tour from Hamburg, through Berlin, Gorlitz and Breslau, to Silberberg, and thence to Gottenburg",blbooks
1814,"Observations on objects interesting to the Highlands of Scotland, particularly to Inverness and Inverness-shire [By Invernessicus, i.e. Lachlan Mackintosh. With notes.]",blbooks
1814,"Observations on the topography of the Plain of Troy, and on the principal objects within and around it described or alluded to in the Iliad. Shewing that the system of M. de Chevalier [Le Chevalier] ... is founded on a most erroneous topography, etc",blbooks
1814,Ode to Napoleon Buonaparte [By Lord Byron.],blbooks
1814,Ode to Napoleon Buonaparte [By Lord Byron.] The fourth edition,blbooks
1814,"Odes to ... the Prince Regent, ... the Emperor of Russia, and ... the King of Prussia",blbooks
1814,"On the Life and Self-murder of Domitius Nero, with regard to God's kingdom [In verse.]",blbooks
1814,"Opinions of Eminent Lawyers, on various points of English Jurisprudence, chiefly concerning the Colonies, Fisheries, and Commerce, of Great Britain: collected, and digested ... by G. Chalmers",blbooks
1814,"Ossian's Fingal; an ancient epic poem, in six books, rendered into English verse. By George Harvey",blbooks
1814,Paris in eighteen hundred and two and eighteen hundred and fourteen,blbooks
1814,Peace: a lyric poem [With prefatory address by F. Wrangham?],blbooks
1814,Persia. A poem. With notes [By Sir John Malcolm.] Second edition,blbooks
1814,"Personal Narrative of Travels to the Equinoctial Regions of the New Continent during the years 1799-1804, by A. de Humboldt and A. Bonpland; with maps, plans ... written in French by A. de H, and translated into English by H. M. Williams",blbooks
1814,"Poems [With plates after W. M. Craig, and a portrait.]",blbooks
1814,Poems and Imitations,blbooks
1814,Poems and Miscellaneous Essays,blbooks
1814,Poems and Translations,blbooks
1814,"Poems, on various subjects",blbooks
1814,"Procès célèbres de la Révolution, ou tableau historique de plusieurs procès fameux, tenant aux principaux événemens de l'interrègne révolutionnaire; notamment celui des Agens royaux arrêtés en l'an 5 (1797) ; celui d'Arèna et autres; celui de la Machine infernale; celui de Georges, Pichegru, Moreau et autres; celui relatif à une prétendue conspiration de la reine d'Etrurie; celui de la conspiration Malet, etc. Par M. G [uichard], avocat",blbooks
1814,"Report of the Proceedings ... at the first Annual General Meeting, etc",blbooks
1814,Researches concerning the Institutions and Monuments of the ancient Inhabitants of America. With descriptions & views of ... scenes in the Cordilleras. Written in French by A. de H. & translated into English by H. M. Williams,blbooks
1814,"Roderick, the last of the Goths",blbooks
1814,"Sir John Froissart's Chronicles of England, France, Spain, Portugal, Scotland, Brittany, Flanders and the adjoining countries. Translated from the original French, by J. Bourchier, Lord Berners. Reprinted from Pynson's edition of 1523 and 1525; with the names of persons and places carefully corrected. To which are added, a memoir of the translator, and a copious index to the work [by E. V. Utterson]",blbooks
1814,"Sketches of Chinese customs and manners in 1811-12 taken during a voyage to the Cape, etc. with some account of the Ladrones; in a series of Letters to a friend",blbooks
1814,"Sketches of Russia, illustrated with fifteen engravings",blbooks
1814,"Sketches on a Tour to Copenhagen, through Norway and Sweden, interspersed ... with historical ... anecdotes of public and private characters. To which is added an appendix relative to the present political state of Norway",blbooks
1814,"Some Account of the Proposed Improvements of the Western part of London, by the formation of the Regent's Park, the New Street ... Illustrated by plans [by J. White and others] and accompanied by critical observations",blbooks
1814,"Songs, Duetts, Chorusses, etc, in the new comic Opera ... called Jean of Paris; taken from the French, etc",blbooks
1814,"Songs, duets, etc. in the grand miscellaneous concert at the King's Theatre on ... June the 3d, 1814 for the benefit of the Society of Friends of Foreigners in distress",blbooks
1814,"Songs, duetts, chorusses, etc. in the new operatick anecdote in three acts called Frederick the Great; or the Heart of a Soldier [By S. J. Arnold.]",blbooks
1814,"Sortes Horatianæ. A poetical review of poetical talent, etc",blbooks
1814,"St. Ælian's, or the cursing well. A poem",blbooks
1814,Strains of the Mountain Muse,blbooks
1814,"The Antiquities of London: comprising views and historical descriptions of its principal buildings; also anecdotes of eminent persons connected therewith. Chiefly from the works of T. Pennant, etc",blbooks
1814,"The Bower of Bliss; with other amatory poems, including the loves of Aberlard and Heloise [By John Guilliam.]",blbooks
1814,The Bride of Abydos. A Turkish tale,blbooks
1814,"The Campaign of Moscow: an ode, etc",blbooks
1814,"The Corsair, a tale",blbooks
1814,The Death of Saul and Jonathan. A poem,blbooks
1814,"The Feud, a Scottish Story in seven cantos",blbooks
1814,"The Ghost, a farce: in two acts [and in prose]",blbooks
1814,"The Giaour ... Eighth edition, with some additions",blbooks
1814,The History of Greece,blbooks
1814,"The History of Spain, etc [By John Adams.]",blbooks
1814,"The History of the Province of New York, from the first discovery to the year MDCCXXXII",blbooks
1814,"The Hunting of Badlewe, a dramatic tale [In verse.]",blbooks
1814,"The King and the Duke; or, Which is Which? A Farce, in two Acts [in prose], etc",blbooks
1814,"The Labyrinth Farm, or, the fashionable recluse: a comedy in five acts [and in prose] ... Second edition",blbooks
1814,"The Lay of the Minstrel's Daughter. A poem, etc",blbooks
1814,"The Legend of Iona, with other poems",blbooks
1814,The Magazine of the Muses: a selection of poems from the most esteemed modern authors,blbooks
1814,"The Mégha Dúta; or, Cloud Messenger; a poem ... Translated into English verse, with notes and illustrations, by H. H. Wilson, etc",blbooks
1814,"The Olive Branch, a poem",blbooks
1814,"The P-e's [Prince's] Jubilee [of Aug. 1, 1814] ; or, R-l [Royal] Revels! A poem by Peter Pindar, etc. MS. notes",blbooks
1814,"The R-l Runaway; or, C-tte [i.e. Princess Charlotte, of Wales,] and Coachee! A poem, by Peter Pindar, Esq [on the Princess's flight from Warwick House.] MS. notes",blbooks
1814,"The Roman History by Titus Livius; with the ... supplement of J. Freinsheim; translated into English [by several hands], and illustrated with ... notes [by J. Hayes]",blbooks
1814,The Russian Chiefs: an ode. Second edition. L.P,blbooks
1814,"The Tagus; an epic poem, commemorative of the gallant deeds of the Duke of Wellington in the Peninsula, with ... notes elucidating the chief events of the war with France. Also, several other original poetical pieces",blbooks
1814,"The Temple Knock'd Down; or R-l Auction. The Last Lay of the Jubilee [A satire on the sale by auction of the Temple of Concord erected in Hyde Park, etc.]",blbooks
1814,"The Territorities of Popery invaded; exemplified in the conduct of Napoleon Buonaparte towards the Church of Rome, ironically and seriously considered. A poem. With ... notes. By a Protestant Spectator",blbooks
1814,"The Woodman's Hut: a melo-dramatic romance, in three acts, etc [By Samuel James Arnold.]",blbooks
1814,The Zoological Miscellany; being descriptions of new or interesting animals,blbooks
1814,"The comical Genius, being an account in verse of an eccentric gentleman, who resides in a village on the banks of the river Aire, in the West Riding of Yorkshire [i.e. James Hirst] . By a foreign seaman",blbooks
1814,"Three gratulatory Odes. May, 1814. (To ... the Prince Regent.-To ... Alexander the Great.) -To ... Arthur, Duke of Wellington",blbooks
1814,"Tracts, historical and statistical, on India; with journals of several tours through various parts of the Peninsula : also an account of Sumatra, in a series of letters",blbooks
1814,Travels and Voyages ... Eleventh edition,blbooks
1814,Travels in the Caucasus and Georgia performed in the years 1807 and 1808 ... Translated from the German by F. Shoberl,blbooks
1814,"Travels through the South of France, and in the interior of the provinces of Provence and Languedoc, in the years 1807 and 1808",blbooks
1814,"Travels to the Source of the Missouri River and across the American Continent to the Pacific Ocean, performed by order of the Government of the United States in the years 1804, 1805, and 1806. By Captains Lewis and Clarke. Published from the official report, and illustrated by ... maps [Another edition of 'History of the Expedition under the command of Captains Lewis and Clarke, etc.' By Nicholas Biddle. Edited by T. Reus.]",blbooks
1814,Tributary Verses upon the Capture of the American Frigate Chesapeake by the British Frigate Shannon,blbooks
1814,Views of Louisiana; together with a Journal of a Voyage up the Missouri River in 1811,blbooks
1814,"Water's Calculator; or the Baltic and American Merchant, Ship-owner, and Captain's Assistant ... Third edition, enlarged by J. Schofield",blbooks
1814,Le Journal des Débats politiques et littéraires,bnfnewspaper
1814,"De tijrannijen der Franschen in de jaaren 1747, 1795-1813, in de Nederlanden gepleegd",dbnl
1814,"Nieuwe Fransche tiranny, bijzonder onder de regering van Napoleon Bonaparte",dbnl
1814,Vaderlandsche letteroefeningen. Jaargang 1814,dbnl
1814,'s Gravenhaagsche courant,delpher
1814,Java government gazette,delpher
1814,Nederlandsche staatscourant,delpher
1815,"Alexandria gazette, commercial and political. [volume] (Alexandria [Va.]) 1812-1817",american_stories
1815,"Martinsburgh gazette. [volume] (Martinsburgh, Va. [W. Va.]) 1810-1825",american_stories
1815,Portland gazette and Maine advertiser.,american_stories
1815,"Portland gazette and Maine advertiser. (Portland, Me.) 1805-1818",american_stories
1815,"Richmond enquirer. [volume] (Richmond, Va.) 1815-1867",american_stories
1815,"The Rhode-Island Republican. [volume] (Newport, R.I.) 1809-1841",american_stories
1815,"The enquirer. [volume] (Richmond, Va.) 1804-1815",american_stories
1815,"Virginia Argus. [volume] (Richmond, Va.) 1796-1816",american_stories
1815,"Winchester gazette. [volume] (Winchester, Va.) 18??-1826",american_stories
1815,"'My Wife! What Wife?' A comedy, in three acts",blbooks
1815,"A Circumstantial Narrative of the Campaign in Russia, ... with plans of the battles of the Moskwa and Malo-Jaroslavitz ... Translated [by E. Boyce] from the French. Second edition ... improved",blbooks
1815,"A Guide to Burghley House, Northamptonshire, the seat of the Marquis of Exeter; containing a catalogue of all the paintings, antiquities, &c. With biographical notices of the artists [By Thomas Blore. With plates.]",blbooks
1815,"A Journal kept in France, during a captivity ... commencing ... April, 1805, and ending ... May, 1814",blbooks
1815,"A Keppoch Song: a poem in five cantos: being the origin and history of the family; alias Donald, Lord of the Isles. ... The whole combined with the history of Scotland; with notes, ... an analysis of the Scotch Acts of Parliament relative to the Douglas Association, ... an Address to the Prince Regent [for the restoration of certain lands claimed by the writer, as the representative of the family of Keppoch; addenda, and supplement] . MS. notes",blbooks
1815,A Narrative of the campaign in Russia during the year 1812,blbooks
1815,A Short View of the history and antiquities of Winchester ... Being chiefly extracted from ... Milner's History and Survey of Winchester,blbooks
1815,"A Topographical Description of the Province of Lower Canada. With Remarks upon Upper Canada, and on the relative connexion of both Provinces with the United States of America. By Joseph Bouchette, Esq, Surveyor-General of Lower Canada ... Embellished by several Views, Plans of Harbours, Battles, &c",blbooks
1815,"A Topographical and Historical Description of South Wales ... Illustrated, etc",blbooks
1815,"A Tour through Italy, exhibiting a view of its Scenery, its Antiquities, and its Monuments; particularly as they are objects of Classical Interest ... with an account of the present state of its cities and towns and occasional observations on the recent spoliations of the French. 3 vol. (Vol. III. A Classical Tour through Italy and Sicily; tending to illustrate some districts which have not been described by Mr. Eustace in his classical tour. By Sir R. Colt Hoare.)",blbooks
1815,"A Tour through Some Parts of France, Switzerland, Savoy, Germany and Belgium, during the summer and autumn of 1814",blbooks
1815,"A Trip to London; or, the Humours of a Berwick Smack. Interspersed with topographical notices [By - Jameson.]",blbooks
1815,"A Visit to Paris in 1814; being a review of the moral, political, intellectual and social condition of the French Capital",blbooks
1815,"A complete Picture of Human Life: or, variety of food for the mind, etc",blbooks
1815,"A geological essay on the imperfect evidence in support of a theory of the Earth, deducible either from its general structure or from the changes produced on its surface by the operation of existing causes",blbooks
1815,"A history of the British Islands ... from the earliest accounts to the present time, etc",blbooks
1815,A history of the town and parish of Dunfermline,blbooks
1815,"A tour through some parts of Istria, Carniola, Styria, Austria, the Tyrol, Italy, and Sicily, in ... 1814. By a young English Merchant",blbooks
1815,"Alcon Malanzore, a Moorish tale",blbooks
1815,"An Account of the Lectureship in the Parish of West-Bromwich; founded by Walter Stanley, Esq. in the year 1613, etc [By J. Robins.]",blbooks
1815,"An Authentic Narrative of the ... conflict on the Plains of Waterloo ... Second edition, etc",blbooks
1815,"An Authentic Narrative of the Campaign of 1815, comprising a circumstantial detail of the Battle of Waterloo: by a staff-officer in the French army. Forming a sequel to the History of the Campaign of 1814, by M. de Beauchamp",blbooks
1815,An Authentic Narrative of the Invasion of France in 1814 [Translated from the French.],blbooks
1815,"An Historical Account of Peterhead ... With an appendix, containing a copy of the original charter of erection, together with all the bye-laws and regulations relative to the harbours, &c ... also a Natural History of the fishes found on the coasts of Buchan",blbooks
1815,"An Introduction to Geology, illustrative of the general structure of the earth; comprising the elements of the science, and an outline of the geology and mineral geography of England. Second edition, considerably enlarged",blbooks
1815,"An account of the battle of Waterloo, fought on the 18th of June 1815, by the English and allied forces, commanded by the Duke of Wellington, and the Prussian army under the orders of Prince Blucher, against the army of France, commanded by Napoleon Bonaparte. By a British Officer on the Staff. With an appendix, containing the British, French, Prussian, and Spanish official details of that memorable engagement. Fifth edition, enlarged",blbooks
1815,"Ancient Scottish Poems. Published from the MS. of G. Bannatyne [Edited with a preface and glossary by Sir David Dalrymple, Lord Hailes.]",blbooks
1815,Armageddon. A poem; in twelve books ... The first eight books,blbooks
1815,"Bishop Burnet's History of His Own Time [vol. 1 edited by Gilbert Burnet, second son of the Bishop, and others; vol. 2 edited, with a life of the author, by Sir Thomas Burnet.] L.P",blbooks
1815,"British Heroism exemplified in the character of ... Arthur, Duke ... of Wellington and the ... Officers ... under his command, etc [A poem.]",blbooks
1815,"Captain Cook's Original Voyages round the World [The abridgment of G. W. Anderson.] Embellished with engravings, etc",blbooks
1815,Childe Harold's Pilgrimage. A romaunt [Cantos I and II. With fourteen other poems.],blbooks
1815,"Conscience. A tragedy, in five acts",blbooks
1815,"Consolation, with other poems",blbooks
1815,"Critical Situation of Bonaparte in his retreat out of Russia; or a faithful narrative of the repassing of the Beresina by the French army in 1812. By an Eye-Witness [i.e. Baron F. Guillaume de Vaudoncourt] . Translated from the French [i.e. from the 'Relation impartiale du passage de la Berézina par l'armée française. Par un Témoin oculaire.'] With notes, written by an officer, who was with the Russian army at the same period",blbooks
1815,"Cursory Remarks on the Physical and Moral History of the Human Species, and its connections with surrounding agency",blbooks
1815,De Rancè. A poem,blbooks
1815,Donum Amicis. Verses on various occasions,blbooks
1815,"Ellauna: a legend of the thirteenth century: in four cantos, with notes. By Mary",blbooks
1815,England at the beginning of the nineteenth century: from the French of M. de Lévis. ... By the author of 'A Few Days in Paris.' vol. 1,blbooks
1815,Essai sur les principes des institutions morales,blbooks
1815,Examen de la Constitution françoise,blbooks
1815,Fazio. A tragedy [In five acts and in verse.],blbooks
1815,"First Annual Report of the Irish Catholic Schools at St. Giles's in the Fields; with an appendix, the regulations and list of subscribers",blbooks
1815,Fourth edition. L.P,blbooks
1815,"George Whetstone's metrical life of George Gascoigne, the poet",blbooks
1815,Helga: a poem in seven Cantos [With notes and an appendix.],blbooks
1815,"Histoire de mes voyages en France, en Hollande, en Belgique et en Angleterre ... Pour servir d'introduction à la Nouvelle satire menipée, en vers et en prose",blbooks
1815,"History of the Secret Societies of the Army, and of the Military Conspiracies, which had for their object the destruction of the Government of Bonaparte. Translated from the French",blbooks
1815,"History of the War in Spain and Portugal, from 1807 to 1814",blbooks
1815,"Ina. A tragedy; in five acts [and in verse], etc",blbooks
1815,"Inquiry concerning the site of ancient Palibothra, etc. (Part II. containing a journal kept during the survey of the river Chundun ... including an account of the Jungleterry.-Part III. containing a continuation of the journey from Deo Ghur to ... Sooruj Ghurra on the Ganges.-Part IV. containing a Tour from Bhaugulpoor to Mandar, from thence to Curruckpoor ... with an account of the site of ... Jey Nuggur, and some remarks on the Jeyne worship, etc.)",blbooks
1815,"Inventary of worke done for the State, by his Majesties printer in Scotland (E. Tyler), Dec. 1642-Oct. 1647",blbooks
1815,Jonah. A poem,blbooks
1815,Jonah. The Seatonian Prize Poem for the year 1815,blbooks
1815,Juvenile Poems. (Verses.-Domestic Verses.),blbooks
1815,"Kenilworth: a mask. (The Phantom Knight; or, Farley Castle. A chivalric tale. Traveller and Guide, etc.) [All in verse.]",blbooks
1815,"L'Urne des Stuarts et des Bourbons, ou le fond de ma conscience, sur les causes et les effets des vingt-un janvier, des XVIe, XVIIe, XVIIIe et XIXe siècles, chez les deux peuples, précédé d'une Notice Historique sur les grands événemens des 21 juin, 10 août et 2 septembre 1792, etc",blbooks
1815,"La Tempesta. Dramma recata in versi italiani da M. Leoni, etc",blbooks
1815,"Letters from Italy, between the years 1792 and 1798, containing a view of the Revolutions in that country, from the capture of Nice by the French Republic to the expulsion of Pius VI. from the ecclesiastical state, etc",blbooks
1815,"Letters from Portugal, Spain, & France during the Campaigns of 1812, 1813, & 1814 [With a map.]",blbooks
1815,Lines addressed to a noble Lord [Lord Byron] ... By one of the Small Fry of the Lakes [Miss Barker],blbooks
1815,Living in London; a Comedy ... By the author of Love and Gout [i.e. Robert Francis Jameson],blbooks
1815,"Living in London; a comedy, in three acts, etc [By Robert Francis Jameson.]",blbooks
1815,"Memoirs of the War of the French in Spain, ... translated from the French [by Maria Graham]",blbooks
1815,"Memorial on Behalf of the Native Irish, with a view to their improvement in moral and religious knowledge, through the medium of their own language",blbooks
1815,More Kings! a poem ... Second edition. Copious MS. notes,blbooks
1815,"Morni; an Irish bardic story ... and The Pilgrim of Carmel; an Eastern tale, etc",blbooks
1815,"No. 3, or, the Nosegay; being the third letter of the Country Post-Bag, from the Man to the Monster [A lampoon on George Evans Bruce.]",blbooks
1815,"Notes historical and descriptive, on the Priory of Inchmahome, etc",blbooks
1815,"Notes on a Journey through France, from Dieppe through Paris and Lyons, to the Pyrennees, and back through Toulouse, in July, August and September, 1814, etc [With an appendix.]",blbooks
1815,"Ode on the Surrender of Paris, to the Allies; July 3d. 1815",blbooks
1815,Ode on the Victory of Waterloo,blbooks
1815,Ode to Desolation; with some other poems. (Notes.),blbooks
1815,Ode to the Duchess of Angoulême,blbooks
1815,"Old English plays; being a selection from the early dramatic writers [Edited by Charles Wentworth Dilke, and designed as a continuation of Dodsley's collection.]",blbooks
1815,"Opoleyta; or, a Tale of Ind. A poem, in four cantos",blbooks
1815,Opus Epithetorum [a specimen of an intended dictionary of epithets used by the poets. By J. Jermyn],blbooks
1815,Original Poems on a variety of subjects. By Different Hands [Edited by E. Huskinson.],blbooks
1815,"Osman, a Turkish tale [In verse.]",blbooks
1815,"Panharmonicon; designed as an illustration of an engraved plate, in which is attempted to be proved, that the principles of harmony more or less prevail throughout the whole system of Nature, but more especially in the Human Frame, etc",blbooks
1815,"Paris during the interesting month of July, 1815, a series of letters, addressed to a friend in London",blbooks
1815,"Past Ten o'Clock, and a rainy night, a farce. In two acts",blbooks
1815,Poems and Odes on various subjects. By a Student of the Honourable Society of the Inner Temple,blbooks
1815,Poems and essays ... The twelfth edition. Published for the benefit of the General Hospital at Bath,blbooks
1815,"Poetry, Fugitive and Original; by the late Thomas Bedingfeld, Esq. and Mr George Pickering. With notes and some additional piece, by a friend",blbooks
1815,"Principes de politique, applicables à tous les gouvernemens représentatifs, et particulièrement à la Constitution actuelle de la France",blbooks
1815,"Recollections of Italy, England and America, with essays on various subjects in morals and literature",blbooks
1815,"Reformation. A comic interlude in one act [in prose], etc",blbooks
1815,"Relics of Melodino translated [into verse, from the Spanish and Portuguese] by E. Lawson ... From an unpublished Manuscript, dated 1645",blbooks
1815,Remarks on the Review of Inchiquin's Letters published in the Quarterly Review; addressed to the Right Honourable George Canning. By an inhabitant of New-England,blbooks
1815,"Report of the debate and proceedings in the case of R. Sherson ... which took place at a General Court of Proprietors of East India Stock, ... for the purpose of confirming a resolution ... presenting him with the sum of twenty thousand pagodas, as a compensation for his losses ... Taken in short-hand by Mr. Fraser",blbooks
1815,Rokeby; a poem,blbooks
1815,Rothley Temple; a poem [By T. Gisborne.],blbooks
1815,"Royalty Fog-Bound; or, the Perils of a Night and the Frolics of a Fortnight. A poem, by Peter Pindar, Esq [On the visit of the Prince Regent to Belvoir Castle.] Third edition",blbooks
1815,Sacred Sketches from Scripture History [In verse.],blbooks
1815,"Salms for a R-l Duke! or, Doleful lamentations of a hopeful Chick and his German Hen, for the loss of £6,000 a year. A poem, by Peter Pindar, Esq [in reference to the refusal of the House of Commons to settle upon the Duke of Cumberland an increased annuity upon the occasion of his marriage.]",blbooks
1815,"Scribbleomania; or the Printer's Devil's Polichronicon, a sublime poem. Edited by Anser Pen-Drag-on Esq",blbooks
1815,Sir Bertram; a poem in six cantos,blbooks
1815,"Smiles and Tears; or, the Widow's stratagem: a comedy, in five acts; as performed at the Theatre-Royal, Covent-Garden, Tuesday, December 12, 1815",blbooks
1815,"Some documents respecting the history of the late events in Spain, being, I. A plain exposition of the reasons which occasioned the journey of Ferdinand VII. to Bayonne, in April 1808. By J. de Escoiquiz. II. Remarks on the preceding work, by ... P. de Ceballos. III. A full abstract of a petition addressed to King Ferdinand VII. by sixty nine members of the Cortes, etc",blbooks
1815,"Songs, duetts, chorusses, etc. in the new operatick anecdote in three acts called Frederick the Great; or the Heart of a Soldier [By S. J. Arnold.]",blbooks
1815,Sonnets and Metrical Tales,blbooks
1815,"Stanzas, inscribed to Walter Scott, Esq",blbooks
1815,Studies in History; containing the history of Rome from its earliest records to the death of Constantine,blbooks
1815,Suicide: a poem ... illustrated with notes,blbooks
1815,The Amatory Works of Tom Shuffleton ... Third edition,blbooks
1815,The Amatory Works of Tom Shuffleton [With MS. corrections by the author.],blbooks
1815,The Bride of Abydos. A Turkish tale,blbooks
1815,"The Cambrian Popular Antiquities, or an account of some traditions, customs and supersitions of Wales, with observations as to their origin, etc",blbooks
1815,The Campaign of 1809 in the Peninsula,blbooks
1815,The Campaign of Paris in 1814. To which is prefixed a sketch of the Campaign in 1813. Translated from the French,blbooks
1815,"The Convict's Complaint: supposed to be written on board the hulks, in the beginning of 1815 [In verse.]",blbooks
1815,"The Cork Rump, or Queen and Maids of Honour. A poem [on the female fashions of the day] . By Peter Pindar Esq",blbooks
1815,"The Corsair, a tale",blbooks
1815,"The Corsican Hydra, or the Terror of the Bourbons. A pindaric poem",blbooks
1815,"The Cossack: a poem, in three cantos. With notes [By Robert Etty.]",blbooks
1815,The Court of Apollo; with other pieces of original poetry; also some specimens of translation from the minor Greek Poets. A. S [i.e. Abraham Shackleton] ἐποιει,blbooks
1815,The Curse of Minerva [By Lord Byron.] [With the autograph of Samuel Rogers and two amendments in his hand.],blbooks
1815,"The Deserter; a new musical drama, etc [Based on 'Le Déserteur' of Michel Jean Sedaine.]",blbooks
1815,"The Duel, a satirical poem in four cantos; with other poems",blbooks
1815,"The Duke's Coat, or the Night after Waterloo, a dramatick anecdote [in one act and in prose]",blbooks
1815,"The Earl of Warwick; or, the Rival Roses: in eight books. With other poems",blbooks
1815,"The East India Gazetteer; containing particular descriptions of ... Hindostan, and the adjacent countries, India beyond the Ganges, aud the Eastern Archipelago: with sketches of the manners ... of their various inhabitants",blbooks
1815,The Feudal Hall. A poem. By Agrestis,blbooks
1815,The Field of Waterloo. A poem,blbooks
1815,"The Flower of Wye; a poem, in six cantos",blbooks
1815,"The German Sausages; or, the Devil to pay at Congress; a poem. By Peter Pindar Esq [on the Congress of Vienna] . MS. notes",blbooks
1815,The Giaour ... Thirteenth edition,blbooks
1815,"The Golden Glove; or, the Farmer's Son: a comedy in five acts [in prose] . With some poetical sketches, etc",blbooks
1815,The Heroes of Waterloo. An ode,blbooks
1815,"The History and Antiquities of Gloucester, etc",blbooks
1815,The History of Scotland ... embellished with elegant engravings,blbooks
1815,"The History of the Empire of the Musulmans in Spain and Portugal, etc",blbooks
1815,"The History of the Island of Guernsey ... from the remotest period of antiquity to the year 1814. Containing an interesting account of the island; its government, civil, military and ecclesiastical; peculiar privileges, customs, etc. With particulars of the neighbouring islands of Alderney, Serk, and Iersey; compiled from the valuable collections of ... Henry Budd ... as well as from authentic documents, etc [With plates and a map.]",blbooks
1815,"The History of the War between the United States and Great Britain, which commenced in June, 1812, and closed in Feb. 1815 ... Compiled chiefly from the public documents, with an appendix, containing the correspondence which passed ... in treating for peace. To which is added the Treaty of Peace, and a list of vessels taken from Great Britain during the war",blbooks
1815,"The Irish Tourist: in a series of picturesque views, travelling incidents, and observations statistical political and moral on the character and aspect of the Irish nation",blbooks
1815,"The Life-Boat, or, Dillon O'Dwire; a poem",blbooks
1815,"The Lord of the Isles, a poem",blbooks
1815,"The Magpie or the Maid? A melo drame, in three acts. Translated and altered from the French, by I. Pocock, etc [An adaptation of 'La Pie voleuse,' by L. C. Caigniez and J. M. T. Baudouin d'Aubigny.]",blbooks
1815,"The Maid and the Magpye; or, which is the Thief? A musical entertainment, in two acts. Freely translated, with alterations, from the French, by S. J. Arnold, etc",blbooks
1815,The Minstrel's Love [In verse.],blbooks
1815,"The Oxford Sausage [Edited by Thomas Warton.] A new edition, adorned with the original woodcuts",blbooks
1815,"The Peasant of Lucern, a melo-drama, in three acts",blbooks
1815,"The Philosophy of Human Nature, containing a complete History of Human Interests. To which is added, an Essay on the origin of Evil",blbooks
1815,The Pilgrims of the Sun; a poem. (Superstition [A poem.]),blbooks
1815,"The Pleader's Guide. A didactic poem ... By the late J. S. Esq. ... The fifth edition [Edited, or rather written, by J. A, i.e. John Anstey.]",blbooks
1815,"The Pleasures of Anarchy, a dramatic sermon [In five acts, and in verse. By Francis Newnam.]",blbooks
1815,"The Prince of the Lake, or O'Donoghue of Rosse, a poem: in two cantos. (Miscellaneous poems.)",blbooks
1815,"The Race; a prize poem, composed at Glasgow College ... 1814. With other poems. By a Student [R. Magill]",blbooks
1815,The Regent and the King; or a trip from Hartwell to Dover. A poem. By Peter Pindar Esq,blbooks
1815,The Rivals: or the General Investigation [In verse.],blbooks
1815,"The Royal Military Calendar, containing the services of every General Officer, Lieutenant General, and Major General, in the British Army, with appendixes, containing accounts of the operations of the army under Lieutenant General Sir John Murray on the Eastern Coast of Spain in 1812-13",blbooks
1815,"The Traveller's Guide to Madeira and the West Indies. Being a hieroglyphic representation of appearances and incidents during a voyage out and homewards. ... With a treatise explanatory of the various figures, etc",blbooks
1815,"The United States and England: being a reply to the criticism [by Robert Southey] of Inchiquin's letters, contained in the Quarterly Review for January 1814 [By J. K. Paulding.]",blbooks
1815,"The Vision of Don Roderick, The Field of Waterloo, and other poems",blbooks
1815,The white doe of Rylstone; or The fate of the Nortons. A poem,blbooks
1815,"Theodora, etc [Five plays by A. MacTaggart.] [With 'Villario', 'Hortensia', and 'A search after perfection'.]",blbooks
1815,Time: or Light and Shade. A poem in six parts. L. F. P,blbooks
1815,"Travels in France during the years 1814-15. Comprising a residence at Paris, during the stay of the allied armies, and at Aix, at the period of the landing of Bonaparte [vol. 1 by Sir Archibald Alison, William P. Alison and John Hope. vol. 2 by Alexander Fraser Tytler.]",blbooks
1815,Travels in South Africa. Undertaken at the request of the Missionary Society [With a map.],blbooks
1815,"Travels in some parts of North America, in the years 1804, 1805, & 1806. Second edition improved",blbooks
1815,"Travels through part of the Russian Empire and the County of Poland, along the southern shores of the Baltic",blbooks
1815,"Travels to the Source of the Missouri River and across the American Continent to the Pacific Ocean, performed by order of the Government of the United States in the years 1804, 1805, and 1806. By Captains Lewis and Clarke. Published from the official report, and illustrated by ... maps [Another edition of 'History of the Expedition under the command of Captains Lewis and Clarke, etc.' By Nicholas Biddle. Edited by T. Reus.]",blbooks
1815,Voyage de Humboldt et Bonpland. Personal narrative of travels to the equinoctial regions of the New Continent during the years 1799-1824 ... Translated into English by Helen Maria Williams,blbooks
1815,Wallace. A poem,blbooks
1815,"What's a Man of Fashion? A farce, in two acts [in prose], etc",blbooks
1815,"Where to find a Friend. A comedy, in five acts [and in prose]",blbooks
1815,"[The King's Proxy.] Songs, duetts, chorusses, etc, in the King's Proxy; a comick opera in three acts [By Samuel James Arnold], etc",blbooks
1815,Le Journal des Débats politiques et littéraires,bnfnewspaper
1815,Vaderlandsche letteroefeningen. Jaargang 1815,dbnl
1815,'s Gravenhaagsche courant,delpher
1815,Java government gazette,delpher
1815,Nederlandsche staatscourant,delpher
1816,"Alexandria gazette, commercial and political. [volume] (Alexandria [Va.]) 1812-1817",american_stories
1816,Portland gazette and Maine advertiser.,american_stories
1816,"Portland gazette and Maine advertiser. (Portland, Me.) 1805-1818",american_stories
1816,"Richmond enquirer. [volume] (Richmond, Va.) 1815-1867",american_stories
1816,The Alexandria herald. [volume] (Alexandria [Va.]) 1811-1826,american_stories
1816,"The Rhode-Island Republican. [volume] (Newport, R.I.) 1809-1841",american_stories
1816,"Virginia Argus. [volume] (Richmond, Va.) 1796-1816",american_stories
1816,"A Compendium of Medical Practice, illustrated by ... cases and ... observations",blbooks
1816,"A Descriptive Catalogue of Diamonds in the Cabinet of Sir Abraham Hume, Bart. ... By the Count de Bournon. (Letter from the Count de Bournon to Sir Abraham Hume on the crystallization of the diamond.) With plates. Translated from the French [by Sir A. Hume]",blbooks
1816,"A Descriptive Catalogue of Minerals ... Also the Catalogue accompanying portable collections. ... Second edition; to which is added the method of examining minerals by the ... blow-pipe, etc",blbooks
1816,"A Full and Circumstantial Account of the Memorable Battle of Waterloo: the second restoration of Louis XVIII; and the deportation of Napoleon Buonaparte to the island of St. Helena and every recent particular relative to his conduct and mode of life in his exile. Together with an interesting account of the affairs of France, and biographical sketches of the most distinguished Waterloo heroes. Embellished with engravings",blbooks
1816,A Garland for the grave of R. B. Sheridan,blbooks
1816,"A Geographical Description of the State of Louisiana ... with an account ... of the character and manners of the inhabitants, etc",blbooks
1816,"A Geographical Description of the United States with the contiguous British and Spanish Possessions, intended as an accompaniment to Melish's map of these countries",blbooks
1816,"A Historical Survey of the Customs, Habits, and present State of the Gypsies; designed ... to promote the amelioration of their condition",blbooks
1816,A Narrative of the Events which have taken place in France ... Second edition,blbooks
1816,"A Peep behind the Curtain; or, the Battle Royal! A poem. By Peter Pindar, Esq [A satire upon the Princess Charlotte.] MS. notes [in pencil]",blbooks
1816,A Reply to Fare Thee Well!!! Lines addressed to Lord Byron ... Second edition,blbooks
1816,"A Sketch from Public Life: a poem, founded upon recent domestic circumstances [A satire upon Lord Byron.] With Weep not for me! and other poems",blbooks
1816,"A Star in the West; or, a Humble attempt to discover the long lost ten tribes of Israel, preparatory to their return to their beloved city, Jerusalem",blbooks
1816,"A Tour through Belgium, Holland, along the Rhine, and through the North of France, in the summer of 1816, etc",blbooks
1816,A Treatise on the external characters of minerals. (Tabular view [by A. G. Werner] of the generic external characters of minerals.),blbooks
1816,"A Visit to Paris in 1814 ... Second edition, corrected, and with a new preface referring to late events",blbooks
1816,"A Voyage round the World, from 1806 to 1812 ... Including a narrative of the author's shipwreck on the island of Sannack with an account of the ... Sandwich Islands and a vocabulary of their language [Edited by James Smith. With a map.]",blbooks
1816,A Wreath from the Wilderness: being a selection from the metrical arrangments [sic] of Accola Montis-Amœni,blbooks
1816,"A treatise on the Coal Mines of Durham and Northumberland ... containing accounts of the explosions from fire-damp which have occured therein for the last twenty years, etc",blbooks
1816,"A treatise on the Medicinal Leech, including its medical and natural history, etc",blbooks
1816,"Adelaide: or, The Emigrants: a tragedy [in five acts, in verse], etc",blbooks
1816,An Authentic Narrative of the Invasion of France in 1814 [Translated from the French.],blbooks
1816,"An Elementary Treatise on Mineralogy and Geology, etc [With a map of the United States.]",blbooks
1816,An Epistle to Emma. (To a skull converted into a drinking bowl.) [In verse.],blbooks
1816,"An Historical Account of the British Army, and of the Law Military, as declared by the ancient and modern Statutes and Articles of War for its Government: with a free commentary on the Mutiny Act, etc",blbooks
1816,"An Historical Display of the Effects of Physical and Moral Causes on the Character and Circumstances of Nations, etc",blbooks
1816,"An Ode ['We do not curse thee, Waterloo!'] . On the Star of the Legion of Honour. Napoleon's Farewell. Fare Thee Well. And a sketch, &c",blbooks
1816,"An account of Tunis, etc",blbooks
1816,"An historical narrative of the horrid Plot and conspiracy of Titus Oates, called the Popish Plot, in its various branches and progress, selected from the most authentic Protestant historians, to which are added some cursory observations on the Test Act",blbooks
1816,Analysis of the water from the ebbing and flowing stream discovered by boring in the Harbour of Bridlington. A.D. 1811,blbooks
1816,Annals of the Reign of King George the Third; from its commencement in 1760 to the general peace in the year 1815,blbooks
1816,"Anselmo, a tale; with The Departure of Bertha, and other poems. Second edition",blbooks
1816,Battle of Waterloo; a poem,blbooks
1816,"Bertram; or, the Castle of St. Aldobrand; a tragedy, in five acts [and in verse]",blbooks
1816,"Bromley-Hill, the seat of the Right Hon. Charles Long, M.P. A sketch",blbooks
1816,"By Authority. Haytian Papers. A Collection of ... Proclamations, and other official documents; together with some account of the rise, progress, and present state of the Kingdom of Hayti. With a preface by P. Sanders",blbooks
1816,Canting: a poem ... Second edition,blbooks
1816,Caribbean Verses,blbooks
1816,Childe Harold's Pilgrimage. Canto the third,blbooks
1816,"Christabel, &c",blbooks
1816,"Christabel: Kubla Khan, a vision; The Pains of Sleep",blbooks
1816,"Christabess ... A right woeful poem, translated from the doggerel, by Sir Vinegar Sponge [A parody of S. T. Coleridge's 'Christabel.']",blbooks
1816,"De Machiavel et de l'influence de sa doctrine sur les opinions, les mœurs et la politique de la France pendant la Révolution",blbooks
1816,"Description of the new village of Waterloo ... contiguous to the Regent's Park, near Primrose Hill, in the County of Middlesex",blbooks
1816,Each for himself. A farce in two acts [and in prose],blbooks
1816,"Ellen; or, the Confession: a tragedy, in five acts [and in verse]",blbooks
1816,"Emigration; or, England and Paris, a poem",blbooks
1816,"Eva, an historical poem, with illustrative notes, accompanied by some lyric poems",blbooks
1816,First Annual Report of the Irish Catholic Schools. Second edition,blbooks
1816,"French Account of the last Campaign of Buonaparte: written by an Eye-Witness. Translated by Captain Thornton, 78th Regt. With a plan of the battle of Waterloo, sketched by the translator",blbooks
1816,"Frondes Caducæ [A reprint of various tracts, historical and biographical, mostly in verse. Edited by Sir A. Boswell.]",blbooks
1816,"Further proceedings of the ... House of Assembly of J. relative to a Bill introduced into the House of Commons, for effectually preventing the unlawful importation of Slaves, and holding free persons in Slavery, in the British Colonies. To which are ... annexed, Examinations, taken upon Oath, ... for the purpose of disproving the allegations of the said Bill",blbooks
1816,"God the Author of Peace. A Sermon [on Ps. xlvi. 9] preached in ... Leeds ... Jan. 18, 1816, being the Day appointed for a Public Thanksgiving, on the Conclusion of a General Peace",blbooks
1816,"Guy Mannering; or, the Gipsey's Prophecy: a musical play in three acts [founded on Sir Walter Scott's 'Guy Mannering'] . Second edition",blbooks
1816,"Historical memoir of the war in West Florida and Louisiana in 1814-15. With an atlas ... written originally in French, and translated ... by H. P. Nugent",blbooks
1816,"History of the Campaign of the British, Dutch, Hanoverian, and Brunswick armies, under the command of the Duke of Wellington; and of the Prussians under that of Prince Blucher ... in ... 1815: with a plan of the battle of Waterloo ... by C. de M [i.e. Baron F. C. F. von Müffling] . Together, with an account of the origin of the publication, and some particulars regarding Bonaparte's conduct during the battle of Waterloo ... by ... Sir J. Sinclair",blbooks
1816,"History of the French Revolution, etc",blbooks
1816,History of the Isle of Man ... containing also biographical anecdotes of eminent persons connected with that island [With a plate and a map.],blbooks
1816,"Illustrations, chiefly geographical, of the history of the Expedition of Cyrus from Sardis to Babylonia; and the Retreat of the Ten Thousand Greeks, from thence to Trebisonde and Lydia. With an appendix, containing an enquiry into the best method of improving the geography of the Anabasis, &c. Explained by three maps",blbooks
1816,"Infancy; or, the economy of the nature, in the progress of human life [A poem.]",blbooks
1816,Is He Jealous? An operetta in one act,blbooks
1816,Journal of a Tour to Scotland [By Frederick Charles Spencer.],blbooks
1816,"L'Ambigu; ou, vers originaux, imitations, &c. sur divers sujets en François et en Anglois, par le même auteur. The Medley, etc",blbooks
1816,Lacus Delectabilis. A descriptive and historical poem on the Lakes of Killarney,blbooks
1816,Lady Byron's Responsive 'Fare thee well!' ... Third edition. (Conciliator to Lady Byron.) [Two poems. With a portrait of Lord Byron.],blbooks
1816,"Laura's Dream; or, the Moonlanders [A poem, with notes. By Melesina Trench.]",blbooks
1816,Leaves [A collection of short pieces in verse. With notes.],blbooks
1816,"Letters from London. Observations of a Russian, during a residence in England of ten months, of its laws, manners, customs ... Translated from the original manuscripts of Oloff Napea [or, rather, written by J. Badcock.]",blbooks
1816,Lines on the Conflagration of Moscow,blbooks
1816,"Lord Byron's Farewell to England; with three other poems, viz. Ode to St. Helena, To my Daughter, on the morning of her birth, and To the Lily of France [By John Agg.]",blbooks
1816,"Lord Byron's Poems, on his own Domestic Circumstances. Fare Thee Well [Containing 'Fare Thee Well' and 'A Sketch from Private Life.']",blbooks
1816,Mador of the Moor; a poem,blbooks
1816,Margaret of Anjou; a poem in ten cantos,blbooks
1816,"Marriage. A didactic poem (by a Society of Gentlemen) as it appeared first in a Monthly Periodical Work, for June, July, and August, 1815 ... With two engravings in the Style of Hogarth; ... notes, etc. pt. 1",blbooks
1816,Mary; or Female Friendship: a poem,blbooks
1816,"Mary; or, Female Friendship; a poem, in twelve books. By a Lady. Book the first",blbooks
1816,Memoir to accompany Chart of British History,blbooks
1816,Memoirs of my own times,blbooks
1816,Memoirs of the Ionian Islands ... including the life and character of Ali Pacha the present Ruler of Greece ... Translated from the Original inedited MS. by W. Walton,blbooks
1816,"Memoirs of the principal events in the campaigns of North Holland and Egypt: together with a brief description of the Islands of Crete, Rhodes, Syracuse, etc",blbooks
1816,"Memorandums of a residence in France in the winter of 1815-16; including remarks on French manners and society, with a description of the catacombs, etc",blbooks
1816,Mercy; a poem in two cantos,blbooks
1816,"Monody on the Death of the Right Honourable R. B. Sheridan, written at the request of a friend, to be spoken at Drury Lane Theatre [By Lord Byron.]",blbooks
1816,"Mont St. Jean, a poem, by W. L [With notes.] ... Theodore and Laura, a tale [in verse], by I. S. Anna Liddiard",blbooks
1816,Moscow. A poem,blbooks
1816,"My Landlady's Gown; a farce, in two acts",blbooks
1816,"Narrative of a Journey in Egypt, and the country beyond the Cataracts",blbooks
1816,"Narrative of an embassy to Warsaw and Wilna; with personal attendance on the Emperor Napoleon during the ... campaign in Russia, and the retreat from Moscow ... Translated from the second French edition",blbooks
1816,"No. III. or, the Nosegay; being the third letter of the Country Post-Bag, from the Man to the Monster ... The second edition, with additions [A lampoon on George Evans Bruce. With plates, including portraits.]",blbooks
1816,"Oberon's Oath; or, the Paladin and the Princess: a melodramatic romance, in two acts. ... With a biographical memoir of the author",blbooks
1816,"Observations on the Intended Amendment of the Irish Grand Jury Laws, etc",blbooks
1816,"Occasional Poems, first printed 1655 [Edited by S. E. B, i.e. Samuel Egerton Brydges.]",blbooks
1816,"Official correspondence with the Department of War, relative to the military operations of the American Army under the command of Major-General Izard on the northern frontier of the United States, in the years 1814 and 1815",blbooks
1816,"Papers and Letters, chiefly respecting the Reformation of Parliament",blbooks
1816,"Paris revisited, in 1815, by way of Brussels ... Second edition",blbooks
1816,Paul's Letters to his Kinsfolk [By Sir Walter Scott.],blbooks
1816,Peninsular Sketches during a recent tour,blbooks
1816,Poems,blbooks
1816,"Poems on domestic and local subjects; with the Oxford University and City Herald Newsman's Addresses, from 1812 to 1817",blbooks
1816,"Poems on his Domestic Circumstances. By Lord Byron ... To which is prefixed the life of the noble author. Eleventh edition [Seven poems, including two spurious. With a portrait.]",blbooks
1816,"Poems on his Domestic Circumstances. I. Fare Thee Well! II. A Sketch from Private Life. By Lord Byron. With the Star of the Legion of Honour, and other poems [Seven poems, including two spurious.]",blbooks
1816,Poems on various subjects,blbooks
1816,Postscript to the 'Rejection of Reason.' Consisting of further arguments against the Unitarians [By a Son of the Church.],blbooks
1816,Psyche: with other poems,blbooks
1816,Redemption: a poem in twenty books,blbooks
1816,"Reflections on Shipboard, by Lord Byron",blbooks
1816,"Remarks on antiquities, arts, and letters during an excursion in Italy in ... 1802 and 1803",blbooks
1816,"Report from the Committee of Aldermen, appointed to visit several gaols in England. (Dated, the 19th day of September, 1815.)",blbooks
1816,"Researches on America; being an attempt to settle some points relative to the aborigines of America, &c. ... By an Officer of the United States' Army [i.e. James H. MacCulloh]",blbooks
1816,"Second Annual Report of the Irish free schools in George Street, St. Giles's",blbooks
1816,"Select Pieces in Verse and Prose [With a biographical memoir signed J. B, i.e. J. Bowdler the Elder, and a portrait.]",blbooks
1816,"Sketch of a descriptive journey through S.; [R. Lascelles.] to which is added The Passage of S. Gothard, a poem by ... the Duchess of Devonshire",blbooks
1816,"Sketches of India; or, Observations descriptive of the Scenery, &c, in Bengal. With notes on the Cape of Good-Hope and St. Helena",blbooks
1816,Some particulars of the Battle at Waterloo; in a letter from a serjeant in the Guards (C. W.),blbooks
1816,"Spurinna; or, the Comforts of old age. With notes and biographical illustrations",blbooks
1816,"Supplementary volume to Political Portraits in this new æra; with explanatory notes, historical and biographical",blbooks
1816,"System of mineralogy, comprehending oryctognosie, geognosie, mineralogical chemistry, mineralogical geography, and œconomical mineralogy. vol. 1-3",blbooks
1816,"The Aeronaut, a poem; founded almost entirely, upon a statement, printed in the newspapers, of a voyage from Dublin, in October, 1812",blbooks
1816,"The Battle of Waterloo: a poem ... Second edition, etc",blbooks
1816,"The Battles of Talavera, a poem [By J. W. Croker.] Sixth edition, corrected, with some additions",blbooks
1816,"The Bonaparteid; or, a serio-comic sketch of the political life and adventures of the renowned Napoleon Bonaparte, etc",blbooks
1816,The Britannia. A poem,blbooks
1816,"The Broken S, a grand melo-drama [in two acts and in prose], interspersed with songs, chorusses, etc [By W. Dimond.]",blbooks
1816,"The Civil and Military History of Germany, from the landing of Gustavus, to the conclusion of the Treaty of Westphalia [Edited by F. G. H.]",blbooks
1816,"The Crescent, a national poem. To commemorate the ... victory at Algiers",blbooks
1816,The Days of Harold. A metrical tale,blbooks
1816,The Emigrant's Guide; or a Picture of America: exhibiting a view of the United States divested of democratic colouring ... also a sketch of the British Provinces ... By an old Scene Painter,blbooks
1816,"The Faro Table; or, The Guardians. A comedy [With a prologue by T. L. Peacock.]",blbooks
1816,"The Geographical Institutions; or, a set of classical and analytical tables; forming a complete course of gradual lessons in ancient and modern geography. (A short treatise on the sphere; or, the earth considered as a planet, etc.)",blbooks
1816,"The Historical Register, being a history of the late war with Great Britain and a summary of the proceedings of Congress including a collection of all the state papers and official documents, published during that period, both British and American",blbooks
1816,"The History of Cornwall; civil, military, religious, architectural, agricultural, commercial, biographical and miscellaneous",blbooks
1816,"The History of Edinburgh, from the earliest accounts, to ... 1780 ... To which is added, a sketch of the improvements of the city, from 1780 to 1816. Embellished with an elegant plan of the city",blbooks
1816,"The History of Lincoln, containing an account of ... that ancient city, an introductory sketch of the county, and a description of the Cathedral, etc",blbooks
1816,The Influence of Genius. A poem,blbooks
1816,The Lady of the Lake ... The tenth edition,blbooks
1816,"The Lay of Marie: a poem [With 'Extracts from a dissertation on the life and writings of Marie, an Anglo-Norman poetess of the thirteenth century. By Monsieur La Rue,' and an abstract of the twelve lays of Marie, with versions of two lays.]",blbooks
1816,The Lay of the Last Minstrel ... The thirteenth edition,blbooks
1816,"The Literary Bazaar; or Poet's Council. A grand historic, heroic, serio-comic, hudibrastic poem, in two cantos. With a pic-nic elegy on R. B. Sheridan ... By Peter Pepperpod, Esq, M.P, F.R.S, etc",blbooks
1816,"The Magpie, or the Maid? A melo drame, in three acts. Translated and altered from the French, by I. Pocock ... Second edition [An adaptation of 'La Pie voleuse,' by L. C. Caigniez and J. M. T. Baudouin d'Aubigny.]",blbooks
1816,"The Minstrel of the North; or, Cumbrian Legends; being a poetical miscellany of legendary, Gothic, and romantic tales",blbooks
1816,The Mountain Boy. A metrical romance,blbooks
1816,The Naiad's Wreath [A collection of pieces in verse.],blbooks
1816,"The Naiad; a tale, with other poems [By John Hamilton Reynolds.]",blbooks
1816,"The Narrative of Robert Adams, a sailor, who was wrecked on the Western Coast of Africa, in the year 1810 ... With a map, etc [Edited by S. Cock.]",blbooks
1816,"The Naval Temple: containing a complete history of the battles fought by the Navy of the United States from ... 1794 to the present time [By H. Kimball.] With ... engravings, etc",blbooks
1816,"The Persecutor, with other poems, from the Greek, Latin, Persian, Italian, and other languages",blbooks
1816,"The Pirate, a poem in three cantos",blbooks
1816,"The Political Works in verse of ... C. E. S.; consisting of the Regicide, the Foxiad, Charles's Small-clothes, and the Aliad. MS. notes [by W. Hone]",blbooks
1816,"The Portfolio: or, The Family of Anglade; a drama, in two acts [in prose]",blbooks
1816,"The Prisoner of Chillon, and other poems",blbooks
1816,"The R----l Marriage; or, Miss Lump and the Grenadier. A poem [in reference to the marriage of the Princess Charlotte to Prince Leopold] . By Peter Pindar, Esq. MS. notes [in pencil]",blbooks
1816,The Restoration of the Works of Art to Italy: a poem ... Second edition,blbooks
1816,"The Rise and Progress of Sunday Schools; a poem, in three cantos; in which is shewn the moral condition of the poor previous to their establishment, etc",blbooks
1816,The School-Boy: with other poems,blbooks
1816,The Siege of Corinth. A poem. Parisina. A poem [By Lord Byron.],blbooks
1816,"The South American, a metrical tale ... With historical notes, and other poems",blbooks
1816,"The Talents run Mad; or, Eighteen Hundred and Sixteen. A satirical poem, in three dialogues with notes ... By the author of 'All the Talents' [E. S. Barrett]",blbooks
1816,"The Watchword, or Quito-Gate; a melodrama in two acts [in prose] ... The second edition",blbooks
1816,"The campaign of one day: a poem, etc [The dedication signed: An Englishman. With 'Occasional poems. By the same author'.]",blbooks
1816,"The heroes of the North, or the battles of Lake Erie and Champlain: two poems",blbooks
1816,"The humble and explanatory Memorial of Dr. G. E. to ... the Commons of the United Kingdom ... in Parliament assembled, proposing that they should examine ... resources and desiderata discovered by him, which, he trusts, will ... meet the exigencies of our affairs, etc",blbooks
1816,"The poetical works, complete, of Oliver Goldsmith, M.B. With some account of his life and literature ... An improved edition, embellished with engravings on wood, by Austin",blbooks
1816,The restoration of the works of art to Italy: a poem. By a Lady [i.e. Mrs. Hemans],blbooks
1816,"The slave; a musical drama, in three acts [in prose]",blbooks
1816,"The wreath of beauty, with other poems",blbooks
1816,"Tracts relative to the Island of St. Helena; written during a residence of five years ... Illustrated with views engraved by Mr. William Daniell, from the drawings of Samuel Davis",blbooks
1816,Travels in Brazil,blbooks
1816,"Travels in France, during the years 1814-15 [vol. 1 by Sir A. Alison, W. P. Alison and J. Hope. vol. 2 by A. F. Tytler.] Second edition, corrected and enlarged",blbooks
1816,"Travels in Various Countries of Europe, Asia and Africa. (pt. 1. Russia, Tartary and Turkey.-pt. 2. Greece, Egypt and the Holy Land.-pt. 3. Scandinavia.) [With plates, including a portrait.]",blbooks
1816,"Travels in the interior of Brazil, particularly in the gold and diamond districts, including a voyage to the Rio de la Plata, and an historical sketch of the revolution of Buenos Ayres. Illustrated with engravings",blbooks
1816,"Travels of Ali Bey in Morocco, Tripoli, Cyprus, Egypt, Arabia, Syria, and Turkey, between the years 1803 and 1807. Written by himself, and illustrated by maps and numerous plates",blbooks
1816,Travels of Anacharsis the Younger in Greece ... Seventh edition,blbooks
1816,"Travels through Lower Canada and the United States of North America in the years 1806, 1807 and 1808. To which are added, biographical notices ... of some of the leading characters in the United States, etc",blbooks
1816,"Travels through the western interior of the United States from ... 1808 up to ... 1816, with a particular description of a great part of Mexico or New Spain, etc",blbooks
1816,"Two Tracts shewing, that Americans, born before the Independence, are, by the law of England, not aliens. First, a Discussion, &c. Second, a Reply (to the Re-Statement of Mr. Chalmers's opinion on the legal effects resulting from the acknowledged independence of the United States) ... Second edition",blbooks
1816,Two letters addressed to General Lord Harris [Relating to the suspension of Major Hart for misconduct.],blbooks
1816,"Versailles et Quiberon, ou précis historique sur le massacre des prisonniers d'Orléans, égorgés à Versailles le ... 9 Septembre 1792 ... et sur l'expédition de Quiberon",blbooks
1816,"Waterloo, a poem. With notes ... Second edition, with additional poems",blbooks
1816,"Wensley-Dale; or, rural contemplations: a poem. The third edition",blbooks
1816,"Where to find a Friend. A comedy, in five acts [and in prose]",blbooks
1816,"description of a journey through part of French Flanders, etc. in ... March 1816",blbooks
1816,Le Journal des Débats politiques et littéraires,bnfnewspaper
1816,Vaderlandsche letteroefeningen. Jaargang 1816,dbnl
1816,'s Gravenhaagsche courant,delpher
1816,Java government gazette,delpher
1816,Nederlandsche staatscourant,delpher
1817,Alexandria gazette &amp; daily advertiser. [volume] (Alexandria [Va.]) 1817-1822,american_stories
1817,"Alexandria gazette, commercial and political. [volume] (Alexandria [Va.]) 1812-1817",american_stories
1817,"Delaware gazette and peninsula advertiser. [volume] (Wilmington, Del.) 1814-1820",american_stories
1817,Portland gazette and Maine advertiser.,american_stories
1817,"Portland gazette and Maine advertiser. (Portland, Me.) 1805-1818",american_stories
1817,"Richmond enquirer. [volume] (Richmond, Va.) 1815-1867",american_stories
1817,The Alexandria herald. [volume] (Alexandria [Va.]) 1811-1826,american_stories
1817,"The Rhode-Island Republican. [volume] (Newport, R.I.) 1809-1841",american_stories
1817,A Ballad of Waterloo,blbooks
1817,"A Classical Tour through Italy ... Fourth edition, ... illustrated with a map of Italy, plans, etc",blbooks
1817,"A Descriptive Catalogue of Recent Shells, arranged according to the Linnæan method: with particular attention to the synonymy",blbooks
1817,"A Dialogue in the Shades, between William Caxton, Fodius, a bibliomaniac, and William Wynken, Clerk, a descendant of Wynken de Worde: to which is added, the Story of Dean Honywood's Grubs [In verse.] With explanatory notes, by W. W [With 'A Ballad entitled Rare Doings at Roxburghe-Hall.'] [By William Clarke.]",blbooks
1817,A Funeral Wreath [A poem on the death of Princess Charlotte. Signed: J. T.],blbooks
1817,A Gazetteer of the State of New Hampshire. Compiled from the best authorities by E. M. and P. M,blbooks
1817,"A General History of Stirlingshire; ... with the natural history of the shire, ... a ... map, etc",blbooks
1817,"A Geographical Description of the State of Louisiana ... with an account ... of the character and manners of the inhabitants, etc",blbooks
1817,"A Journey to the Western Islands of Scotland ... With remarks by the Rev. Donald McNicol, etc [With a portrait.]",blbooks
1817,"A Letter to the Lord Mayor ... of London relative to a Report made by the Committee for General Purposes, respecting the High Bailiff of the Borough of Southwark [Sir W. Lewes]",blbooks
1817,A Monody on the Lamented Death of Her Royal Highness the Princess Charlotte-Augusta of Wales and of Saxe Cobourg Saalfield,blbooks
1817,"A Monody on the lamented Death of the Princess Charlotte Augusta of Wales, etc",blbooks
1817,"A Narrative of Voyages and Travels, in the Northern and Southern Hemispheres: comprising three voyages round the world; together with a voyage of survey and discovery, in the Pacific Ocean and Oriental islands [With 'Biographical Sketch, written by a friend,' and plates, including a portrait.]",blbooks
1817,A Narrative of the Briton's Voyage to Pitcairn's Island ... With ... etchings,blbooks
1817,"A Picturesque Tour through France, Switzerland, on the banks of the Rhine and through part of the Netherlands in the year 1816",blbooks
1817,"A Pilgrimage to the Holy Land. A Poem, in two cantos. To which is added, The Tempest, a fragment. Second edition, corrected [By John Agg.]",blbooks
1817,"A Poem on the death of Her Royal Highness, the Princess Charlotte of Wales and Saxe-Coburg",blbooks
1817,A Topographical and Historical Description of the Parish of Tixall in the County of Stafford [With plates.],blbooks
1817,"A Tour in Ireland, in 1813 & 1814 ... By an Englishman [i.e. J. G.?]",blbooks
1817,"A Tour through Italy, Sicily, Istria, Carniola, the Tyrol, and Austria ... The second edition",blbooks
1817,A Tour to Scarborough in 1803; including a Survey of the City of York,blbooks
1817,A Wreath from the Wilderness: being a selection from the metrical arrangements of Robert Barnard,blbooks
1817,A description of Blackpool ... Second edition,blbooks
1817,"A full and correct account of the chief Naval Occurrences of the late War between Great Britain and the United States of America, preceded by a cursory examination of the American account of their Naval Actions fought previous to that period, etc",blbooks
1817,"A monody on the death of the Princess Charlotte and her infant son, supposed to be written by Prince Coburg",blbooks
1817,"A new and complete System of Modern Geography ... With a brief sketch of the origin, history, and antiquities of each nation. Illustrated, etc",blbooks
1817,"A sketch of Worthing as it was-and now is, etc [By J. Mackcoull.]",blbooks
1817,A topographical Dictionary of Scotland ... and an elegant sheet map,blbooks
1817,"A tributary poem, on the death of ... the Princess Charlotte of Saxe-Coburg",blbooks
1817,"Abridgment of the Annals of Glasgow, comprising an account of the public buildings, charities, and the rise and progress of the city",blbooks
1817,"Abridgment of the history of England, in verse: for the advantage of youth, and the use of schools",blbooks
1817,"Algiers; being a complete picture of the Barbary States ... and containing ... A narrative of the various attacks upon Algiers by the European States, etc [With coloured illustrations]",blbooks
1817,"Amatory, and other verses",blbooks
1817,"An Account of the Island of Jersey: containing a compendium of its ecclesiastical, civil and military history. ... with engravings and a map, etc",blbooks
1817,"An Address to the Right Hon. Lord Byron, with an opinion on some of his writings. By F. H. B",blbooks
1817,"An Authentic Narrative of the loss of the American Brig Commerce, wrecked on the Western Coast of Africa, in the month of August 1815. With an account of the sufferings of her surviving officers and crew, ... and observations historical, geographical, etc",blbooks
1817,"An Elegiac Ballad on the Funeral of the Princess Charlotte, etc",blbooks
1817,An Elegy on the Death of ... the Princess Charlotte ... By a Well-wisher to England,blbooks
1817,"An Elegy on the death of a much lamented Princess [i.e. Charlotte Augusta, Princess of Wales and Saxe Coburg]",blbooks
1817,An Elegy on the deeply-lamented Death of ... the Princess Charlotte Augusta,blbooks
1817,"An Elegy on the much-lamented Death of ... the Princess Charlotte, etc",blbooks
1817,"An Excursion to Windsor in July 1810, through Battersea ... and Hampton Court ... Also a Sail down the River Medway, July, 1811, from Maidstone ... to the Nore, upon the opening of the oyster beds. To which is annexed, A Journal of a Trip to Paris ... 1816, by way of Ostend ... and Waterloo, embellished with wood cuts by John Evans, jun",blbooks
1817,"An Historical Account of the Battle of Waterloo ... intended to elucidate the topographical plan, executed by W. B. Craan ... Translated ... with explanatory notes, by Captain Arthur Gore ... Embellished with accurate views of the principal places mentioned in the work",blbooks
1817,"An Ode, intended for music, on the Death of ... the Princess Charlotte, etc",blbooks
1817,"An University Prize Poem: to which is prefixed in English Metre, an Address to Ireland on the circumstances of the present time",blbooks
1817,"An account of the natives of the Tonga Islands in the South Pacific Ocean, with an original grammar of their language ... compiled ... from the ... communications of W. M. ... by J. Martin",blbooks
1817,An essay on some subjects connected with Taste,blbooks
1817,"An historical account of the rise and progress of the Bengal Native Infantry, from its first formation in 1757, to 1796, ... with a detail of the services on which the several battalions have been employed during that period [and an Appendix]",blbooks
1817,"Annals of Ireland, ecclesiastical, civil and military, from the 19th of March, 1535, to the 12 of July, 1691",blbooks
1817,Armageddon. A poem; in twelve books ... The first eight books,blbooks
1817,Characters of Shakespear's plays,blbooks
1817,"Churchyard's Chips concerning Scotland: being a collection of his pieces relative to that country, with historical notices, and a life of the author ... By George Chalmers",blbooks
1817,Clan-Alpin's Vow: a fragment [In verse.],blbooks
1817,"Collection of the official accounts in detail of all the battles fought by sea and land, between the navy and army of the United States, and the navy and army of Great Britain during the years 1812-15",blbooks
1817,"De Courci, a tale, in two cantos: with other poems; including the commemorative festival address for several public institutions",blbooks
1817,"Description historique et statistique de la Ville de Reims, etc",blbooks
1817,Dramas,blbooks
1817,"Eight letters concerning the Pavement of the Metropolis and the adjoining turnpike roads [Signed X. Y, i.e. J. Rickman.]",blbooks
1817,"Elegy on the Awful and Deeply Lamented Death of the Princess Charlotte, etc",blbooks
1817,Elegy to the Memory of Her Royal Highness the Princess Charlotte of Wales,blbooks
1817,"Elphi Bey; or, the Arab's Faith. A musical drama, in three acts [in prose and verse]",blbooks
1817,"Epistles from Bath; or, Q.'s letters to his Yorkshire relations; and miscellaneous poems. By Q. in the Corner [i.e. Thomas Haynes Bayly]",blbooks
1817,"Essais philosophiques, ou nouveaux mélanges de littérature et de philosophie",blbooks
1817,"Essay on the Theory of the Earth. Translated ... by Robert Kerr ... With mineralogical notes, and an account of Cuvier's geological discoveries, by Professor Jameson",blbooks
1817,"Frighten'd to Death! A musical farce, in two acts [in prose, with songs]",blbooks
1817,Highland Tales and Songs,blbooks
1817,"Hints to Emigrants, addressed chiefly to persons contemplating an emigration to the United States of America, with copious extracts from the journal of T. Hulme, Esq, written during a tour through several of the principal cities and manufacturing districts of those States, in the summer and autumn of 1816",blbooks
1817,Histoire de la Session 1816,blbooks
1817,"Histoire des deux Chambres de Buonaparte, depuis le 3 juin jusqu'au 7 juillet 1815; contenant le détail exact de leurs séances ... Deuxième édition, revue et augmentée du Projet de Constitution de la Chambre des Représentans ... Par F. T. D [i.e. François T. Delbare.]",blbooks
1817,"Histoire philosophique de la Révolution de la France. Nouvelle édition, revue par l'auteur",blbooks
1817,"Historical Account of Discoveries and Travels in Africa, by the late J. Leyden, enlarged and completed to the present time, with illustrations ... by H. Murray",blbooks
1817,"History of the Wars since the French Revolution, from the commencement of hostilities in 1792, to the termination of the war ... after the memorable Battle of Waterloo in 1815; comprehending the civil, military and naval history of that most eventful period, and biographical sketches of public characters. Embellished with portraits ... and a plan of the battle of Waterloo",blbooks
1817,"Illustrations of the Literary History of the Eighteenth Century, consisting of authentic memoir and original letters of eminent persons, and intended as a sequel to the 'Literary Anecdotes.' [Vol. 7, 8 by J. B. Nichols.]",blbooks
1817,"Incog; or, Three days at a well-known Hotel. A farce, in two acts [and in prose]",blbooks
1817,Inductions morales et physiologiques,blbooks
1817,"Journal of a tour in Germany, Sweden, Russia, Poland, during ... 1813 and 1814",blbooks
1817,"Journal of a tour through part of France, Flanders, and Holland, etc",blbooks
1817,"Karamania, or, a brief description of the South Coast of Asia-Minor and of the remains of antiquity. With plans, views, etc",blbooks
1817,"L'Angleterre et les Anglais, ou petit portrait d'une grande famille; copié et retouché par deux témoins oculaires (J. A. de Gourbillon, T. W. Dickinson) [A translation of 'Letters from England; by Don Manuel Alvarez Espriella.']",blbooks
1817,"Lalla Rookh, an oriental romance",blbooks
1817,"Lalla Rookh, an oriental romance ... Third edition",blbooks
1817,Lara. A tale ... Fifthe edition,blbooks
1817,"Laws of the State of New York, respecting navigable communications between the Great Western and Northern Lakes and the Atlantic Ocean",blbooks
1817,Leopold's Loss: or England's Tears o'er the urn of her beloved Princess Charlotte Augusta. A monody,blbooks
1817,"Letters from the North Highlands, during the Summer 1816",blbooks
1817,Letters on the events of the revolution in France; by a French General Officer (J. J. D. L.) Addressed to his friends in New York [With a preface signed J. W. P.],blbooks
1817,Leçons anglaises de Littérature et de Morale ... Prose. (Poésie.),blbooks
1817,"Lines addressed to Prince Leopold, on the death of his Consort, the Princess Charlotte of Wales. By a Lady",blbooks
1817,"Lines occasioned by the lamented Death of ... the Princess Charlotte Augusta, etc. (Appendix. Consolatory address to Prince Leopold, etc.)",blbooks
1817,Lines to the Memory of Her Royal Highness the Princess Charlotte of Wales,blbooks
1817,Lines written upon the Interment of ... the Princess Charlotte,blbooks
1817,"London and Dublin: an heroic epistle, to Counsellor Phillips, etc [By G. Daniel. With Phillips' portrait inserted.]",blbooks
1817,"Lord Byron's Pilgrimage to the Holy Land. A poem ... To which is added, The Tempest, a fragment [in verse. By John Agg.]",blbooks
1817,Luxurios Musings [In verse.],blbooks
1817,"Manfred, a dramatic poem",blbooks
1817,"Manuel: a tragedy, in five acts [and in verse] . By the author of Bertram [C. R. Maturin]",blbooks
1817,Manuel; a tragedy in five acts [& in verse] . By the author of Bertram [C. R. Maturin] ... Second edition,blbooks
1817,"Memoirs of the Life and Doctrines of the late John Hunter, Esq, etc",blbooks
1817,"Memoirs relating to European and Asiatic Turkey; edited from manuscript journals, by R. Walpole. (Travels in various countries of the East; being a continuation of Memoirs relating to European and Asiatic Turkey, &c.)",blbooks
1817,Modern Greece. A poem [By F. D. Hemans.],blbooks
1817,"Modern geography ... The astronomical introduction by M. La Croix ... Translated by John Pond ... The third edition, corrected, etc",blbooks
1817,"Monody on the Death of the Right Honourable R. B. Sheridan, written at the request of a friend, to be spoken at Drury Lane Theatre [By Lord Byron.]",blbooks
1817,Monody to the Memory of the Princess Charlotte Augusta. By the author of 'Evening Hours.',blbooks
1817,"My Uncle: an operetta, in one act",blbooks
1817,"Narrative of a Voyage to New Zealand, performed in the years 1814 and 1815, in company with the Rev. S. Marsden, etc",blbooks
1817,"Narrative of a Voyage, in His Majesty's late ship Alceste, to the Yellow Sea, along the coast of Corea ... to the island of Lewchew, etc [With plates.]",blbooks
1817,Narrative of a residence in Belgium during the campaign of 1815; and of a visit to the field of Waterloo: by an Englishwoman [C. A. Eaton],blbooks
1817,"Nomenclature des Rues de Paris, avec les tenans, les aboutissans, et les numéros ... Édition entièrement refondue",blbooks
1817,"Norwich Cathedral Vade-Mecum. Antiquarian and architectural memoranda relating to Norwich Cathedral Church: embracing a brief historical and descriptive account of that edifice, with lists of bishops, etc",blbooks
1817,"Observations of the natural history of the swallow tribe; with ... facts relative to their migration and ... brumal torpidity: and a copious table of reference to authors ... To which is added, a general catalogue of British birds",blbooks
1817,"Observations on the geology of the United States of America, with some remarks on the effect produced on the nature and fertility of soils, by the decomposition of the different classes of rocks; and an application to the fertility of every state in the Union, etc",blbooks
1817,"Oswald, a metrical tale. Illustrative of a poetical character. In four cantos [By R. P. Gillies.]",blbooks
1817,"Paris in 1815, a poem [Part 1, with notes. By G. Croly.]",blbooks
1817,"Paris: including a description of the principal edifices and curiosities of that metropolis, etc [Translated and adapted from the French.]",blbooks
1817,Particulars of the ancient and present state of the Savoy Palace,blbooks
1817,"Poems on his Domestic Circumstances ... By Lord Byron ... Twenty-third edition. Containing nine poems, etc. MS. notes",blbooks
1817,"Précis historique des opérations militaires de l'Armée d'Italie en 1813 et 1814, par le Chef de l'État-Major-Général de cette armée (M. de V.)",blbooks
1817,Ramirez; a poem,blbooks
1817,"Recollections abroad, during the year 1790. Sicily and Malta. F.P",blbooks
1817,Recollections of a Ramble during the summer of 1816. In a letter to a Friend,blbooks
1817,"Report of the Commissioners ... on the Canals from Lake Erie to the Hudson River, and from Lake Champlain to the same. Presented ... 17th February, 1817",blbooks
1817,"Report of the Joint Committee of the Legislature ... on the subject of the Canals from Lake Erie to the Hudson River, and from Lake Champlain to the same. Presented ... March. 19, 1817",blbooks
1817,Researches on America. ... By an Officer of the United States Army [J. H. Mac Culloh.],blbooks
1817,"Rome, Naples et Florence en 1817, ou esquisses sur l'état actuel de la société, des mœurs, des arts, de la littérature, etc. de ces villes célèbres [By M. H. Beyle.]",blbooks
1817,"Sincere Burst of Feeling! An Ode, to the memory of her late lamented Royal Highness the Princess Charlotte, etc",blbooks
1817,"Sketches of Lower Canada, historical and descriptive, etc",blbooks
1817,"Songs, duets ... in the Duke of Savoy; a new musical play in three acts, etc",blbooks
1817,Sonnets and other poems,blbooks
1817,"St. Peter's complaint, and other poems, by the Rev. Robert Southwell, reprinted from the edition of 1595, with important additions from an original MS. and a sketch of the author's life, by W. Jos. Walter",blbooks
1817,"Stanzas on the Death of the Princess Charlotte, with Claremonts' Bower, a ballad. Altered from the Irish Melodies. By the author of the verses on Madame Lavalette. Ascribed to Lord Byron",blbooks
1817,"Statement respecting the Earl of Selkirk's settlement of Kildonan, upon the Red River in North America: its destruction in the years 1815 and 1816; and the massacre of Governor Semple and his party",blbooks
1817,"Tableau historique et raisonné des événemens qui ont précédé et suivi le rétablissement des Bourbons en France ... depuis Mars 1815, jusqu'au 8 Juillet 1816",blbooks
1817,"The Adventures of a Post Captain. By a Naval Officer [In verse.] With ... engravings, by Mr. Williams",blbooks
1817,"The American Coast Pilot ... from Passamaquoddy, through the Gulf of Florida ... together with the courses and distances from Cape Cod and Cape Ann ... to George's Bank ... Corrected and improved ... Ninth edition",blbooks
1817,"The Apostate, a tragedy, in five acts [in prose] . Third edition",blbooks
1817,"The Battle of Waterloo; a poem, in two parts. ... The embellishments are, a portrait of ... the Duke of Wellington, and eight ... plates; ... coloured, etc",blbooks
1817,"The Beauties of Hawkstone Park ... A poem, with moral reflections in verse ... Third edition, ... improved",blbooks
1817,"The Bohemian, a tragedy in five acts [in prose]",blbooks
1817,"The Changeling; a poem, in two cantos: addressed to a Laureat [An attack on Robert Southey.]",blbooks
1817,"The Columbian Navigator: containing ... New Sailing Directions for the Coasts and Harbours of North America, ... the West Indies, etc",blbooks
1817,"The Conflagration of Moscow ... Second edition, with extensive additions",blbooks
1817,"The Conflagration; a poem: occasioned by the late destructive fire at Stoborough, etc",blbooks
1817,"The Conquest of Taranto; or St. Clara's Eve, a play, etc",blbooks
1817,The Consolation: or Britains loss and hope. A poem occasioned by the death of ... the Princess Charlotte,blbooks
1817,The Contest of Legs; or Diplomatics in China. In a letter from Zephaniah Bull at Canton to John Bull at home. By Peter Pindar Esq,blbooks
1817,"The Cypress Wreath: a collection of all the most beautiful fugitive flowers of poesy, strewn by the hand of genius and affection oe'r the corse of the lamented Princess Charlotte [By various authors.]",blbooks
1817,"The Gaol: a collection of poems, and detached pieces. Written, in confinement",blbooks
1817,The Goorkah and other poems. By a Young Officer [H. B. Henderson],blbooks
1817,"The Historical Memoirs of Philip de Comines, etc",blbooks
1817,"The History and Antiquities of Gainsburgh (Com. Linc.) with a topographical and descriptive account of Stow, in illustration of its claim to be considered as the Roman Sidnacester",blbooks
1817,"The History of America ... A new edition; to which is added, a continuation, comprising the history of the colonies from 1652 to the present time ... By David McIntosh, LL.D [With maps and engraved plates, including a portrait.]",blbooks
1817,The History of Derby to the year 1791,blbooks
1817,"The History of Ireland, from the earliest ages to the Union",blbooks
1817,The History of Macclesfield,blbooks
1817,"The History of Norway, from the earliest times, by G. L. Baden, and from the Union of Calmar, by Baron Holbey. Translated from the Danish, and continued to the present time, by A. Andersen Feldborg",blbooks
1817,"The Home of Love, a poem",blbooks
1817,"The House of Mourning, a poem; with some smaller pieces",blbooks
1817,"The Imperial Captive; or, the unexampled career of the ex-emperor Napoleon, from the period of his quitting Elba to that of his surrender to the British nation. The second edition [In verse.]",blbooks
1817,The Lament of Tasso,blbooks
1817,The Lament of the Emerald Isle [upon occasion of the death of Princess Charlotte],blbooks
1817,"The Last Sigh of the Bard of Snowdon, addressed to the Prince Regent on the death of the Princess Charlotte",blbooks
1817,"The Minister and the Mayor; or, St. Peter versus St. Paul! A poem [occasioned by Lord Sidmouth's protest against the procession of the Lord Mayor through Westminster] . By the author of 'The Regent's Bomb uncovered.' To which is annexed the Official Correspondence [of Lord Sidmouth and the Lord Mayor in reference to it]",blbooks
1817,"The Mirror of the Mind, and other poems, etc",blbooks
1817,"The Narrative of Robert Adams, a sailor, who was wrecked on the Western Coast of Africa, in the year 1810 ... With a map, etc [Edited by S. Cock.]",blbooks
1817,"The National Calamity improved. A sermon [on Ezek. vii. 27] preached in reference to the interment of the Princess Charlotte Augusta of Wales, etc",blbooks
1817,"The Newcastle Freeman's Pocket Companion, containing a copious view of the charters granted to the town and county of the town of Newcastle upon Tyne. Including a particular account of the customs and privileges peculiar to the free burgesses of the said town. By a Burgess (Joseph Clark)",blbooks
1817,"The Pageant of the Company of Sheremen and Taylors, in Coventry, as performed by them on the festival of Corpus Christi; together with other pageants, exhibited on occasion of several royal visits to that city; and two specimens of ancient local poetry [Edited by Thomas Sharp.]",blbooks
1817,The Pains of Hope: and other poems,blbooks
1817,"The Persian Hunters; or, the Rose of Gurgistan. An opera in three acts [and in verse]",blbooks
1817,The Princess. A tributary lay [on the death of Princess Charlotte Augusta of Wales. The dedication signed: Z. J.],blbooks
1817,"The Rhapsodist; or, Mes souvenirs: in an epistle to Aristus [In verse.] MS. note",blbooks
1817,"The Roman history, from the foundation of the City of Rome, to the destruction of the Western Empire",blbooks
1817,The Rose of England nipped in the Bloom; a monody [on the death of the Princess Charlotte],blbooks
1817,The Sage; an original poem,blbooks
1817,"The Sale-Room [By Sir Walter Scott, and others.] no. 1-28",blbooks
1817,The Senate; or Social Villagers of Kentish Town. A canto. By Selim,blbooks
1817,"The Shades of Waterloo! A vision, in verse",blbooks
1817,"The Sigh of Sympathy, a short poem, occasioned by the ... death of ... the Princess Charlotte of Wales, etc",blbooks
1817,"The Spirit of the Isle, and other poems",blbooks
1817,"The Substance of some Letters written from Paris during the Last Reign of the Emperor Napoleon ... With an appendix of official documents. Third edition, etc",blbooks
1817,The Tears of Albion; an ode on the death of the Princess Charlotte-Augusta of Wales,blbooks
1817,"The Truth respecting England, or an impartial examination of the work of M. Pillet [entitled, 'L'Angleterre vue à Londres et dans ses Provinces'] . Published ... by J. A. Viévard",blbooks
1817,"The Western Gazetteer; or, Emigrant's directory, containing a geographical description of the western states and territories, etc",blbooks
1817,"The Works, Historical and Miscellaneous, of Marcus Tullius Cicero; with the history of his life and writings, by Conyers Middleton ... The translations by Guthrie, Melmoth, etc. vol. 1-3",blbooks
1817,"The history of Berwick-upon-Tweed and its vicinity. To which is added a correct copy [or rather, translation] of the Charter granted to that borough",blbooks
1817,"The history of England, from the accession of King George the Third, to the conclusion of Peace in the year one thousand seven hundred and eighty-three",blbooks
1817,The influence of the Holy Bible. A poem,blbooks
1817,Third edition,blbooks
1817,"Thoughts on Happiness, a poem ... Second edition",blbooks
1817,"Threnodia Augustalis: or, the Wreath of Melpomene for the tomb of Charlotte-Augusta [A poem.]",blbooks
1817,Travels in Brazil,blbooks
1817,"Travels in the Interior of America, in the years 1809, 1810, and 1811; including a description of Upper Louisiana, together with the states of Ohio, Kentucky, Indiana, and Tennessee, with the Illinois and Western territories, etc",blbooks
1817,"Travels in the interior districts of Africa: performed in the years 1795, 1796, and 1797. With an account of a subsequent mission to that country in 1805. ... To which is added, an account of the life of Mr. Park [By John Whishaw.] A new edition, etc",blbooks
1817,"Travels through France and Germany in the years 1815-1817, comprising a view of the moral, political and social state of those countries. Interspersed with ... historical and political anecdotes, etc",blbooks
1817,Tribute to the Memory of her Royal Highness the Princess Charlotte of Wales [A poem.],blbooks
1817,Trifles in Verse: including some experiments in Latin rhyme,blbooks
1817,"True Patriotism! A poem of the nineteenth century, etc",blbooks
1817,"Two Sketches of France, Belgium, and Spa, in two tours during the summers of 1771 and 1816; with a portrait of Napoleon's guide at Waterloo. By the author of Letters from Paris in 1802, 3 [i.e. Stephen Weston]",blbooks
1817,"Verses to the memory of the late Richard Reynolds, of Bristol ... Third edition",blbooks
1817,"Voyages and travels in various parts of the world, during the years 1803-1807 ... Illustrated by engravings",blbooks
1817,"Zapolya: a Christmas tale, in two parts, etc",blbooks
1817,Le Journal des Débats politiques et littéraires,bnfnewspaper
1817,Vaderlandsche letteroefeningen. Jaargang 1817,dbnl
1817,'s Gravenhaagsche courant,delpher
1817,Nederlandsche staatscourant,delpher
1817,PlakkaatboekDeel16,plakaatboek
1818,Alexandria gazette &amp; daily advertiser. [volume] (Alexandria [Va.]) 1817-1822,american_stories
1818,"Delaware gazette and peninsula advertiser. [volume] (Wilmington, Del.) 1814-1820",american_stories
1818,"Elizabeth-Town gazette. [volume] (Elizabeth-Town, N.J.) 1818-1821",american_stories
1818,Portland gazette and Maine advertiser.,american_stories
1818,"Portland gazette and Maine advertiser. (Portland, Me.) 1805-1818",american_stories
1818,"Richmond enquirer. [volume] (Richmond, Va.) 1815-1867",american_stories
1818,The Alexandria herald. [volume] (Alexandria [Va.]) 1811-1826,american_stories
1818,The Portland gazette.,american_stories
1818,"The Portland gazette. [volume] (Portland, Me.) 1818-1824",american_stories
1818,"The Rhode-Island Republican. [volume] (Newport, R.I.) 1809-1841",american_stories
1818,"A Brief Description of the Burrough and Town of Preston, and its government and guild. Originally composed between ... 1682 and 1686. With occasional notes by John Taylor",blbooks
1818,"A Chronological Abridgment of the History of Great Britain, from the first invasion of the Romans to the year 1763. With genealogical and political tables, etc",blbooks
1818,"A Chronological History of Voyages into the Arctic Regions; undertaken chiefly for the purpose of discovering a North-East, North-West, or Polar Passage between the Atlantic and Pacific; from the earliest periods of Scandinavian navigation to the departure of the recent expeditions under the orders of Captain Ross and Buchan",blbooks
1818,"A Complete History of Connecticut, civil and ecclesiastical, from ... the year 1630, to the year 1764, ... in two volumes ... Vol. 1. with an appendix, containing the original Patent of New-England, never before published in America",blbooks
1818,A Concise Description of the Endowed Grammar Schools in England and Wales; ornamented with engravings,blbooks
1818,"A Cruise; or, Three months on the continent. By a Naval Officer. Embellished with coloured engravings",blbooks
1818,"A Dissertation upon the distinctions in society, and ranks of the people, under the Anglo-Saxon Governments",blbooks
1818,"A Gazetteer of the United States, abstracted from the Universal Gazetteer of the author; with enlargement of the principal articles",blbooks
1818,"A Genealogical History of the Royal and Illustrious Family of the Stewarts, from the year 1034 to the year 1710 ... To which are prefixed, fisrt [sic], a general description of the Shire of Renfrew ... and, secondly, a deduction of the noble and ancient families, proprietors there for upwards of 400 years, down to the present times, etc",blbooks
1818,"A History of the Life and Death of John, Earl of Gowrie, with preliminary dissertations",blbooks
1818,A Journey to London; comprising a description of the most interesting objects of curiosity to a visitor of the Metropolis ... Second edition,blbooks
1818,A Journey to Rome and Naples ... in 1817 giving an account of the present state of society in Italy; and containing observations on the fine arts,blbooks
1818,"A Lament upon the death of ... the Princess Charlotte, and Alfred, a vision",blbooks
1818,"A Mirror for the Burgesses and Commonalty of the City of Bristol, in which is exhibited to their view, a part of the great and many interesting benefactions & endowments, of which the city hath to boast and for which the Corporation are responsible, as the stewards and trustees thereof; correctly transcribed from authentic documents",blbooks
1818,"A Miscellany of Poetry, in two parts",blbooks
1818,"A Narrative of the Shipwreck of the Ship Oswego, on the Coast of South Barbary, and of the sufferings of the master and the crew while in bondage among the Arabs, etc",blbooks
1818,"A New Way to Pay Old Debts ... As performed at the Theatres Royal, Drury-Lane and Covent-Garden, printed, under the authority of the managers, from the prompt-book. Embellished with a ... frontispiece, etc",blbooks
1818,"A Poem on the Death of ... Princess Charlotte of Wales, etc",blbooks
1818,"A Poetical Address written in behalf of the Artists' General Benevolent Fund, for recitation ... at the annual dinner at the Albion Tavern, etc",blbooks
1818,"A Political Lecture on Heads, alias Blockheads [In verse.]",blbooks
1818,A Shroud for Sir S. Romilly: a elegy,blbooks
1818,A Topographical and Historical Description of Chester ... Illustrated with six engravings and a map,blbooks
1818,A Topographical and Historical Description of the County of Rutland ... With ... engravings and a map,blbooks
1818,A Tribute to the Memory of Sir Samuel Romilly [In verse.],blbooks
1818,"A Visit to the Monastery of La Trappe, in 1817; with notes taken during a tour through Le Perche, Normandy, ... and the environs of Paris ... Illustrated with numerous coloured engravings, etc",blbooks
1818,A Wreath for the Urn: an Elegy on the Princess Charlotte; with other poems,blbooks
1818,A Year's Residence in the United States of America,blbooks
1818,"A few concise examples of seven hundred errors in Shakespeare's plays, now corrected and elucidated, etc",blbooks
1818,A few leaves from my Field-Book; containing some Pictures in Miniature [In verse.] Book the First,blbooks
1818,"A full and correct account of the Military Occurrences of the late War between Great Britain and the United States of America, etc",blbooks
1818,"A guide to the watering-places, on the coast, between the Exe and the Dart, including Teignmouth, Dawlish, and Torquay, etc",blbooks
1818,"Account of a Voyage of Discovery to the West Coast of Corea, and the Great Loo-Choo Island. With an appendix ... and a vocabulary of the Loo-Choo Language, by H. I. Clifford",blbooks
1818,Adhelm and Ethelfled. A metrical story. (Notes.),blbooks
1818,"Adversaria; or, selections and reflections on civil, political, moral, and religious subjects",blbooks
1818,"America and her Resources; or, a View of the agricultural, commercial ... moral and religious capacity and character of the American people",blbooks
1818,"An Account of Tenby, containing an historical sketch of the place, ... and a description of its present state, etc",blbooks
1818,"An Account of the Estates, Trust, and other property, belonging to the Parish of St. Giles, Camberwell",blbooks
1818,"An Address on the subject of Chain Cables; and on the Dry Rot in the Royal Navy [In verse, with notes.]",blbooks
1818,"An Autumn near the Rhine; or, sketches of courts, society, scenery, &c. in some of the German States bordering on the Rhine [By C. E. Dodd.]",blbooks
1818,"An Elegiac Tribute to the Memory of our much-loved and deeply-lamented Princess Charlotte ... By an old Seaman. To which is added, the Tears of Ocean, an elegy",blbooks
1818,An Elegy on the Death of Richard Reynolds with other poems,blbooks
1818,An Historical Account of Winchester; with descriptive walks,blbooks
1818,"An account of the natives of the Tonga Islands in the South Pacific Ocean, with an original grammar of their language ... compiled ... from the ... communications of W. M. ... by J. Martin",blbooks
1818,"Annals of Ireland, ecclesiastical, civil and military from March 19th 1635, to July 12th 1691",blbooks
1818,"Arthur; or, the Pastor of the Village; a poem [By John Leonard Knapp.]",blbooks
1818,"Ballads of archery, sonnets, etc [With accompaniments.]",blbooks
1818,"Bamburgh Castle; a poem, etc",blbooks
1818,"Begin. The re-appearance of Buonaparté on the shores of France, etc [An account of the Battle of Waterloo by Sir George D. L. Evans, in confutation to that by Baron G. Gourgaud.]",blbooks
1818,"Bellamira; or, The fall of Tunis ... Second edition",blbooks
1818,"Bellamira; or, The fall of Tunis ... Third edition",blbooks
1818,"Bellamira; or, the Fall of Tunis. A tragedy, in five acts, etc",blbooks
1818,"Belshazzar's Feast. A Seatonian prize poem, with notes relative to the history of the Babylonian and Assyrian Empires",blbooks
1818,"Beppo, a Venetian Story [In verse. By Lord Byron.]",blbooks
1818,"Black Ball's Vale, or the Farewell address of a theatrical shoe black and cobler on his leaving a certain college in a certain English university [In verse.]",blbooks
1818,"Bodiam Castle: a poem, in six cantos. With notes",blbooks
1818,"Britain; or, Fragments of Poetical Aberration",blbooks
1818,"Brutus, etc. Fifth edition",blbooks
1818,"Cheltea; a descriptive poem, wherein the Genius of the Cheltenham Springs is supposed to describe the virtues of the waters. ... The walks and rides in the vicinity of Cheltenham, ... are there pourtrayed. The whole interspersed with anecdotes, etc",blbooks
1818,"Chemin du désert, ou itinéraire et description de l'ermitage du Mont-d'Or, etc",blbooks
1818,"Childe Harold's Monitor; or, Lines occasioned by the last canto of Childe Harold, including hints to other contemporaries [By Francis Hodgson.]",blbooks
1818,Childe Harold's Pilgrimage to the Dead Sea: Death on the Pale Horse: and other poems,blbooks
1818,Childe Harold's Pilgrimage. Canto the fourth,blbooks
1818,Deborah. A poem,blbooks
1818,"Demetrius, the Hero of the Don. An epick poem",blbooks
1818,"Eiegiac Lines on the Death of ... Sophia Charlotte, Queen of Great Britain",blbooks
1818,Elegiac Sonnets and other poems,blbooks
1818,Elegy on the ... death of ... the Princess Charlotte ... With lines on the death of J. Tweddell,blbooks
1818,Elijah: a poem. By a Lady [Miss R. Richings],blbooks
1818,"Essay on the Theory of the Earth. Translated ... by Robert Kerr ... With mineralogical notes, and an account of Cuvier's geological discoveries, by Professor Jameson",blbooks
1818,"Extracts from a Journal of Travels in North America, consisting of an account of Boston and its vicinity. By Ali Bey, &c. Translated from the original manuscript [or rather written by S. L. Knapp.]",blbooks
1818,Facts and observations towards forming a new theory of the earth,blbooks
1818,"Familiar Lectures on Moral Philosophy [With a memoir of the author, by Mrs. Barbauld.]",blbooks
1818,"Fazio, a tragedy ... Fifth edition",blbooks
1818,Fazio. A tragedy [In five acts and in verse.],blbooks
1818,"Fragments in Prose and Verse: by a young lady lately deceased (Elizabeth S- [i.e. Smith]) . With some account of her life and character, by the author of 'Sermons on the Doctrine and Duties of Christianity' [Miss Henrietta Maria Bowdler]",blbooks
1818,"France ... Third edition, with additional notes",blbooks
1818,G. F.'s Coventry [An account of the fraternity of G. F. in Coventry. By T. Sharp.],blbooks
1818,"Geological and mining survey of the Connaught Coal District, in Ireland",blbooks
1818,"Geology, and other poems",blbooks
1818,"Gleanings and Remarks: collected during many months of residence at Buenos-Ayres, and within the Upper Country; with a prefatory account of the expedition from England, until the surrender of the ... Cape of Good Hope. With a map, etc",blbooks
1818,Gravity and Levity [sketches],blbooks
1818,"Greenland, the adjacent seas, and the North-West Passage to the Pacific Ocean, illustrated in a voyage to Davis's Strait, during the summer of 1817",blbooks
1818,"Greenland: being extracts from a journal kept in that country in ... 1770 to 1778. ... to which is prefixed, an introduction containing some accounts of the manners of the Greenlanders, and of the mission in Greenland ... by G. Fries. Translated from the German [by H. E. Lloyd]",blbooks
1818,"Guy Mannering; or, the Gipsey's Prophecy: a musical play in three acts [founded on Sir Walter Scott's 'Guy Mannering'] . Second edition",blbooks
1818,"Harmonica; or, elegant extracts of English, Scotch, and Irish melodies, etc",blbooks
1818,Harvest; a poem: with other poetical pieces,blbooks
1818,"Hints on the Propriety of establishing a Typographical Society in Newcastle upon Tyne [Signed: J. T. B, i.e. John Trotter Brockett.]",blbooks
1818,Hints on the topography of Wiltshire. (Queries submitted ... with a view to promote a General History of the County.),blbooks
1818,Histoire de l'insurrection des esclaves dans le nord de Saint-Domingue,blbooks
1818,"Historical Account of Discoveries and Travels in Africa, by the late J. Leyden, enlarged and completed to the present time, with illustrations ... by H. Murray",blbooks
1818,"History of the Untied States, from their first settlement as English Colonies ... to ... 1808 ... Continued to the Treaty of Ghent by S. S. Smith, D.D. ... and other ... gentlemen ... Second edition, revised, etc",blbooks
1818,Horæ Viaticæ [A poem. Eng. With notes.],blbooks
1818,"Iceland; or the journal of a residence in that Island during the years 1814 and 1815, ... With an introduction and appendix, ... a map and engravings",blbooks
1818,Illustrations of some institutions of the Mahratta People,blbooks
1818,"Illustrations of the history and antiquities of St. Michael's Church, Coventry, from original ... documents. (St. Mary's Hall, Coventry-St. Nicholass's Church, Coventry.) [With a map of Coventry.]",blbooks
1818,"Illustrations of the history and antiquities of the Holy Trinity Church, Coventry, from original ... documents",blbooks
1818,"Introduction to the original delineations, topographical, historical, and descriptive, intituled The Beauties of England and Wales [by E. W. Brayley, J. Britton and others] . Comprising observations on the history and antiquities of the Britons; the Romans in Britain; the Anglo-Saxons; the Anglo-Danes; and the Anglo-Normans; together with remarks on the progress of ecclesiastical, military and domestic architecture in succeeding ages [With maps.]",blbooks
1818,"Journal of Travels in the United States of North America and Lower Canada performed in the year 1817, etc",blbooks
1818,"Journal of a Visit to South Africa, in 1815, and 1816. With some account of the Missionary Settlements of the United Brethren, near the Cape of Good Hope",blbooks
1818,"Journey through Asia Minor, Armenia, and Koordistan in the years 1813 and 1814. With remarks on the Marches of Alexander, and Retreat of the Ten Thousand",blbooks
1818,"Justice triumphant; or, the Organ in the Suds. A farce of three acts [and in prose]",blbooks
1818,"Juvenal's tenth and thirteenth Satires, translated by E. L. Swift",blbooks
1818,"Karamania, or, a brief description of the South Coast of Asia-Minor and of the remains of antiquity. With plans, views, etc",blbooks
1818,"Kenilworth Castle, and other poems",blbooks
1818,"La Scava; or, Some account of an excavation of a Roman town on the hill of Chatelet, in Champagne, between St. Dizier and Joinville, discovered in the year 1772 [an abridged translation of P. C. Grignon's 'Bultin [sic] des fouilles ... d'une ville romaine, sur la petite montaigne du Chatelet'] : to which is added, a journey to the Simplon by Lausanne, and to Mont Blanc, through Geneva. By the author of 'Letters from Paris in 1791-2' [i.e. Stephen Weston], etc",blbooks
1818,"Lalla Rookh, an oriental romance ... Third edition",blbooks
1818,Lamento del Tasso ... Recato in italiano da M. Leoni,blbooks
1818,"Lancashire: or, Original delineations, topographical, historical, and descriptive, of that county ... Illustrated with fourteen engravings and a map",blbooks
1818,"Letters from Illinois ... Illustrated by a map of the United States shewing Mr. Birkbeck's journey from Norfolk to Illinois, and a map of English Prairie and the adjacent country ... Second edition",blbooks
1818,"Letters of a Prussian Traveller; descriptive of a tour through Sweden, Prussia, Austria, Hungary, Istria, the Ionian Islands, Egypt, Syria, Cyprus, Rhodes, the Morea, Greece, Calabria, Italy, the Tyrol, the Banks of the Rhine, Hanover, Holstein, Denmark, Westphalia, and Holland. Interspersed with anecdotes of distinguished characters and illustrations of political occurrences",blbooks
1818,Letters on the West Indies,blbooks
1818,"Lines on the Death of ... the Princess Charlotte of Wales: to which was adjudged the prize, proposed by the Provost and Senior Fellows of Trinity College Dublin, etc",blbooks
1818,Lines on the Death of Her Royal Highness the Princess Charlotte,blbooks
1818,"London; or the Triumph of quackery. A satirical poem. By Tim Bobbin, the Younger",blbooks
1818,Madeline! a tale [In verse.],blbooks
1818,Meditations of a Neophyte [In verse.],blbooks
1818,"Messiah exalted, dispensing Blessings to the Nations. A sermon, etc",blbooks
1818,Miscellanea,blbooks
1818,"Miscellaneous Poems, by H. Saint Clair ... translated by himself from his own original French poems",blbooks
1818,"Miscellaneous Poems, extracted from the Records of the Circulation Club at Edinburgh. By A. D",blbooks
1818,Monody on the death of the Princess Charlotte of Wales,blbooks
1818,"More News from Venice, by Beppo, a noble Venetian. Translated from the original, by Julius [In verse. A satire on Lord Byron.]",blbooks
1818,"Narrative of a Journey in the Interior of China, and of a voyage to and from that country, in the years 1816 and 1817; containing an account of the most interesting transactions of Lord Amherst's Embassy to the Court of Pekin, etc [With plates and maps.]",blbooks
1818,Narrative of a Voyage to Senegal in 1816; comprising an account of the Shipwreck of the Medusa ... With the notes of M. Bredif,blbooks
1818,"Narrative of an Expedition to explore the river Zaire, usually called the Congo, in South Africa, in 1816 under the direction of Captain J. K. Tuckey, R.N : To which is added, the journal of Professor Smith; some general observations on the country and its inhabitants; and an appendix: containing the natural history of that part of the kingdom of Congo through which the Zaire flows. (Observations on Professor C. Smith's collection of plants from the vicinity of the river Congo, by R. Brown.) [Edited by Sir J. Barrow.]",blbooks
1818,"Narrative of my Captivity in Japan, etc. To which is added, an account of voyages to the coasts of Japan, and of my negociations ... for the release of the author, ... by Capt. Rikord",blbooks
1818,"Narrative of the expedition, which sailed from England in 1817, to join the South American Patriots, etc",blbooks
1818,Nieuwe Bijdrage tot de geschiedenis der Kruisvaarten in hare betrekking tot ons Vaderland. Door Mr. P. D. W. V. Z [i.e. P. de Wakker van Zon.],blbooks
1818,"Notes on a journey in America, from the coast of Virginia to the territory of Illinois ... The third edition",blbooks
1818,Nugae Canorae. (Poems.),blbooks
1818,"Observations made during a Tour in 1816 and 1817, through that part of the Netherlands which comprises Ostend, Bruges, Ghent, Brussels, Malines, and Antwerp; With remarks on the works of art in carving, painting, and sculpture, and enquiries into the present state of agriculture, political economy, literature, the arts and laws, government and religion ... Original anecdotes relative to the Battle of Waterloo, etc",blbooks
1818,"Observations on Emigration to British America, and the United States",blbooks
1818,Odes to the Rágas; and other poems,blbooks
1818,"Phrases. Specimen of an arrangement of English phrases, faithfully collected from the works of our principal poets, from the time of Chaucer to the present period [By J. Jermyn.]",blbooks
1818,"Poem, in commemoration of the late national loss in the sudden and lamented decease of Her Royal Highness the Princess Charlotte Augusta of Wales ... and in recommendation of associations for rendering assistance to the lying-in-poor at their own habitations, etc",blbooks
1818,"Poems, by an Amateur [i.e. Bernard Barton]",blbooks
1818,"Poyet, Architecte, etc. (À Messieurs de l'Académie Royale des Beaux Arts.) [An appeal for support in carrying out the author's plan for building an iron bridge opposite the Hôtel des Invalides.]",blbooks
1818,"Projet d'éléments d'idéologie à l'usage des écoles centrales de la République française. (pt. 2. Grammaire.-pt. 3. Logique.-pt. 4, 5. Traité de la volonté et de ses effets.)",blbooks
1818,"Proposals for publishing by subscription, Bibliotheca Britannica; or, a general index to the literature of Great Britain and Ireland, etc",blbooks
1818,"Prospectus and Specimen of an intended National Work, by William and Robert Whistlecraft ... intended to comprise the most interesting particulars relating to King Arthur and his Round Table [By John Hookham Frere.] Second edition",blbooks
1818,"Psyche: or, the Soul, a poem. In seven cantos",blbooks
1818,"Ralph Royster Doyster, a comedy [in five acts, in verse, by N. Udall]",blbooks
1818,Rambles in Italy in the years 1816-17,blbooks
1818,Rational Reform on Constitutional Principles; addressed to the good sense of the English Nation,blbooks
1818,"Recollections abroad, during the years 1790, 1791 [Italy, the Tyrol, etc.] F.P",blbooks
1818,"Religio Christiani, a churchman's answer to 'Religio Clerici' [by Edward Smedley] [In verse.]",blbooks
1818,"Religio Clerici, a churchman's epistle [By Edward Smedley. In verse.]",blbooks
1818,"Report from the Committee to whom the Petitions presented to the House of Commons from the Royal Burghs of Scotland (in 1793), together with the Accounts and Papers, were referred",blbooks
1818,"Respect dû à la tête couronnée, ou Exposé ... des grands évènements relatifs à la Pologne, en réponse aux écrits calomniant la mémoire du feu Stanislas Auguste, dernier Roi électif de Pologne",blbooks
1818,Resurgam. Christ the Hope of Glory [A poem.],blbooks
1818,"Retribution; or, the Chieftain's daughter. A tragedy, in five acts ... Second edition",blbooks
1818,"Revenge, or the Novice of San Martino, a tragedy [in five acts and in verse]",blbooks
1818,"Rob Roy Macgregor, or Auld Lang Syne! A musical drama, in three acts. Founded on the popular novel of 'Rob Roy.'",blbooks
1818,"Rome, Naples and Florence in 1817. Sketches of the present state of society, manners, arts, literature, &c. in these celebrated cities",blbooks
1818,"Samor, Lord of the Bright City. An heroic poem ... Second edition",blbooks
1818,Second Series,blbooks
1818,"Sensibility, the Stranger, and other poems",blbooks
1818,"Sigesmar and the Switzer; a melo-drama, in two acts [and in prose]",blbooks
1818,Sketches of America. A narrative of a journey of five thousand miles through the Eastern and Western States of America ... with remarks on Mr. Birkbeck's 'Notes' and 'Letters.' Second edition,blbooks
1818,Sketches of the Philosophy of Life,blbooks
1818,"Sketches of the character, conduct, and treatment of the Prisoners of War at Auxonne, Longwy, etc. from ... 1810 to 1814. With an account of the Epidemic, as it appeared in the latter place, in 1813",blbooks
1818,Sonnets and other poems,blbooks
1818,"Spanish America; or, a Descriptive, historical and geographical account of the dominions of Spain in the western hemisphere, etc [With maps.]",blbooks
1818,"Sports of Love, in six poems and six etchings",blbooks
1818,"Statement by the Committee of the inhabitants of the City of Edinburgh, appointed at the general meeting ... held on 2d December 1817, upon the subject of the North Bridge Buildings. MS. note [by Lord II. Cockburn]",blbooks
1818,The Anglo-Cambrian; a poem in four cantos,blbooks
1818,"The Antiquities of London; comprising views and historical descriptions ... Also anecdotes of eminent persons ... Chiefly from the works of T. Pennant ... Second edition, etc",blbooks
1818,"The Apostate, a tragedy, in five acts [in prose] . Third edition",blbooks
1818,"The Appeal: a tragedy, in three acts, etc [In verse. By John Galt.]",blbooks
1818,The Arctic Expeditions. A poem,blbooks
1818,"The Bard's Lament, a vision; and other poems sacred to the memory of the Princess Charlotte",blbooks
1818,"The Big Wigs Outwitted!! The extraordinary Trial of Miss Mary Ann Ticklewig; or, truth no libel [A skit in verse on the trial of Mary Ann Tocker for libel at Launceston.]",blbooks
1818,"The Brighton Ambulator, containing historical and topographical delineations of the town, from the earliest period to the present time",blbooks
1818,The Buonapartiad: a poem,blbooks
1818,"The Campaign of 1815; or, a narrative of the military operations which took place in France and Belgium during the Hundred Days, etc",blbooks
1818,"The Castle of Paluzzi; or, the Extorted Oath; a serious drama, in two acts [and in prose]",blbooks
1818,"The Dragon Knight. A poem, in twelve cantos",blbooks
1818,The Dramatic Scorpion. A satire,blbooks
1818,"The Emigrant's Guide to the United States of America; containing the best advice and directions respecting the voyage, preservation of health, choice of settlement, etc",blbooks
1818,"The Emigrant's Guide to the Western and Southwestern States and Territories: comprising a geographical and statistical description of the States of Louisiana, Mississippi, Tennessee, Kentucky, and Ohio; the Territories of Alabama, Missouri, Illinois, and Michigan; and the western parts of Virginia, Pennsylvania, and New-York ... Accompanied by a map of the United States, etc",blbooks
1818,"The Gazette Extraordinary; containing a full ... account of the ... Battles ... between the Legitimates ... and the Independents, ... being a ... translation of the ... dispatches transmitted by ... Don P. MacAndrew Saint David O'Thunderer [A satirical tract relating to the Southwark Election, 1818.]",blbooks
1818,"The Gentleman: a Satire [in verse by G. A. Rhodes] written during the years 1812, 1813, 1814, and 1815 [With notes.]",blbooks
1818,"The Green Man: a comedy, in three acts ... From the French of M.M. D'Aubigny et Poujol, by Richard Jones",blbooks
1818,"The Hill of Caves, with other poems",blbooks
1818,"The History of Chilton in the County of Bukingham [By Thomas Delafield. A separate issue of Appendix no. 2 to the 1818 edition of 'Parochial Antiquities' by White Kennet, Bishop of Peterborough.]",blbooks
1818,"The History of Edinburgh, from the earliest accounts, to ... 1780 ... To which is added, a sketch of the improvements of the city, from 1780 to 1816. Embellished with an elegant plan of the city",blbooks
1818,"The History of England ... Embellished with engravings on copper and wood, from Thurston's designs",blbooks
1818,The History of Greece,blbooks
1818,The History of the Decline and Fall of the Roman Empire ... A new edition [With a portrait.],blbooks
1818,The Lamentations of the Empire: a poem on the death of Her Royal Highness the Princess Charlotte,blbooks
1818,"The Last Will and Testament, an original poem, etc",blbooks
1818,"The Laws and Privileges of the Company of Vintners, etc",blbooks
1818,The Minstrel of the Glen; and other poems,blbooks
1818,"The New English Drama, with prefatory remarks, biographical sketches, and notes ... with ... stage directions. ... Edited by W. O",blbooks
1818,"The Oxford Spy; a dialogue, in verse.- (Dialogue the second-fourth.-Appendix.) [By James Shergold Boone.]",blbooks
1818,"The Oxford University and City Guide, on a new plan ... To which is added a guide to Blenheim, Nuneham, and the newly-discovered Roman Villa near Northleigh",blbooks
1818,"The Path of Duty, a moral tale in four books; Pleasing Recollections derived from a Tour in Monmouthshire; Essays ... with some lighter pieces",blbooks
1818,"The Political State of the British Empire; containing a general view of the domestic and foreign possessions of the crown; the laws, commerce, revenues, offices and other establishments, civil and military",blbooks
1818,"The Poll for Members of Parliament ... June, 1818, etc",blbooks
1818,"The Possibility of Approaching the North Pole asserted ... A new edition. With an appendix, containing papers on the same subject and on a North West Passage, by Colonel Beaufoy, F.R.S. Illustrated with a map of the North Pole ... Second edition",blbooks
1818,"The Progress of Truth, and other poems",blbooks
1818,The Recluse of the Pyrenees. A poem,blbooks
1818,"The Rendezvous; an operetta, in one act, etc [Adapted from the French of C. B. Fagan.]",blbooks
1818,"The State Prisoner; or, the Fortress of Guntzbourg; a drama, in three acts [and in prose]",blbooks
1818,"The Suffolk Garland: or, a collection of poems, songs, tales, etc. relative to that county",blbooks
1818,The Temple of Truth. A poem in five cantos,blbooks
1818,"The Warning Voice, a sacred poem, in two cantos; addressed to infidel writers of poetry",blbooks
1818,"The Works of Hannah More, including several pieces never before published",blbooks
1818,"The abridgement or summarie of the Scots chronicles ... Newly inlarged, corrected and amended [The dedicatory epistle signed: I. M, i.e. John Monipennie.]",blbooks
1818,"The harmonica, etc",blbooks
1818,"The history of England, from the Revolution to the death of George the Second. Designed as a continuation of Mr. Hume's History ... A new edition, with the author's last corrections and improvements",blbooks
1818,"The prisoner of Chillon, and other poems",blbooks
1818,"Three Poems, not included in the Works of Lord Byron. Lines to Lady J-. The Ænigma [by Catherine Maria Fanshawe] . The Curse of Minerva",blbooks
1818,"Translations from Camoens and other Poets, with original poetry. By the author of 'Modern Greece' [i.e. Felicia D. Browne, afterwards Hemans], etc",blbooks
1818,"Travels from Vienna through Lower Hungary; with some remarks on the state of Vienna during the Congress, in the year 1814 [With plates and maps.]",blbooks
1818,"Travels in Canada and the United States, in 1816 and 1817 [With Map.]",blbooks
1818,"Travels in the United States of America in 1806, 1807, 1819-10 including an account of passages betwixt America and Britain, and travels through various parts of Great Britain, Ireland, and Upper Canada, etc",blbooks
1818,View of the State of Europe during the Middle Ages,blbooks
1818,"Views of the Seats of Noblemen and Gentlemen in England, Wales, Scotland and Ireland. L.P",blbooks
1818,Vignettes: in verse,blbooks
1818,Violanthe: a tale of the twelfth century; and other poems [By Henry B. Henderson.],blbooks
1818,"Voyage of His Majesty's Ship Alceste, along the coast of Corea, to the island of Lewchew ... Second edition",blbooks
1818,"Well met, Gossip; or, 'Tis Merry when Gossips meet. Newly enlarged with very merry songs, pleasant for maids, wives, and widdows: and delightfull to all that shall read it [By S. Rowlands.] B.L",blbooks
1818,What is Genius? a poem,blbooks
1818,"[1818. April 8.] Sess. 1818. 58c Geo. III. An Act to enable the Trustees of Saint Paul's School in the City of London, to purchase buildings and land adjoining or near to the said school, for the better accommodation of the scholars, etc",blbooks
1818,Œuvres complètes ... Nouvelle édition,blbooks
1818,Le Journal des Débats politiques et littéraires,bnfnewspaper
1818,"Nederlandsche bezittingen in Azia, Amerika en Afrika",dbnl
1818,Vaderlandsche letteroefeningen. Jaargang 1818,dbnl
1818,'s Gravenhaagsche courant,delpher
1818,Nederlandsche staatscourant,delpher
1819,Alexandria gazette &amp; daily advertiser. [volume] (Alexandria [Va.]) 1817-1822,american_stories
1819,"Edwardsville spectator. [volume] (Edwardsville, Ill.) 1819-1826",american_stories
1819,Elizabeth-Town gazette.,american_stories
1819,"Elizabeth-Town gazette. [volume] (Elizabeth-Town, N.J.) 1818-1821",american_stories
1819,"Martinsburgh gazette. [volume] (Martinsburgh, Va. [W. Va.]) 1810-1825",american_stories
1819,"Richmond enquirer. [volume] (Richmond, Va.) 1815-1867",american_stories
1819,The Alexandria herald. [volume] (Alexandria [Va.]) 1811-1826,american_stories
1819,The Portland gazette.,american_stories
1819,"The Portland gazette. [volume] (Portland, Me.) 1818-1824",american_stories
1819,"The Rhode-Island Republican. [volume] (Newport, R.I.) 1809-1841",american_stories
1819,"Winchester gazette. [volume] (Winchester, Va.) 18??-1826",american_stories
1819,A Churchman's Second Epistle. By the author of Religio Clerici [i.e. Edward Smedley] [In verse.] With notes and illustrations,blbooks
1819,"A Classical Tour through Italy and Sicily; tending to illustrate some districts, which have not been described by Mr. Eustace in his Classical Tour ... Second edition",blbooks
1819,"A History of the United States before the Revolution, with some account of the Aborigines",blbooks
1819,"A Narrative of the expedition to Algiers in the year 1816, under the command of ... Admiral Lord Viscount Exmouth. (Itinerary, and continuation of the introduction.)",blbooks
1819,A New Canto [By Lady Caroline Lamb.],blbooks
1819,"A Nineteenth Century and Familiar History of the lives, loves, and misfortunes of Abeillard and Heloisa ... A poem ... Illustrated with ten engravings. By Robert Rabelais, the Younger",blbooks
1819,"A Peep at Deans, Chapters, and very wise Archdeacons; in a letter to the ... Lord Mayor and Corporation of ... York. By the Old Enquirer [i.e. William Atkinson]",blbooks
1819,A Roland for an Oliver: a farce in two acts,blbooks
1819,A Select Collection of Views and Ruins in Rome and its vicinity. Eng. & Fr. L.P,blbooks
1819,"A Statistical, historical, and political Description of the Colony of New South Wales, and its dependent Settlements in Van Diemen's Land, etc",blbooks
1819,"A Topographical and Historical Description of the County of York ... Illustrated, etc",blbooks
1819,"A View of the Lead Mines of Missouri, including some observations on the mineralogy, geology, geography, antiquities, soil, climate, population and productions of Missouri and Arkansaw, and other sections of the Western Country",blbooks
1819,"A Voyage of Discovery, made under the orders of the Admiralty, in his Majesty's ships Isabella and Alexander for the purpose of exploring Baffin's Bay, and enquiring into the possibility of a North-West Passage. (Appendix, etc.)",blbooks
1819,"A Voyage to South America and the Cape of Good Hope in His Majesty's Brig Protector. (Appendix containing official documents relative to the capture of the Cape of Good Hope, etc.)",blbooks
1819,"A brief summary [by Sir C. Sharpe] of the contents of a manuscript formerly belonging to [and written by,] the Lord William Howard of Naworth",blbooks
1819,"A classical and topographical Tour through Greece, during the years 1801, 1805, and 1806",blbooks
1819,"A clear and concise statement of New York and the surrounding country, containing a faithful account of ... impositions ... practised upon British emigrants, etc",blbooks
1819,"A compendious and complete system of Modern Geography. Or a view of the present state of the World. Being a faithful abridgement of the American Universal Geography (edition of 1812,) with corrections and additions. ... Illustrated by a representation of the Solar System, and six maps of the principal divisions of the Globe",blbooks
1819,"A critical examination of the first principles of geology, in a series of essays",blbooks
1819,"A description of the Valley of Chamouni, in Savoy",blbooks
1819,"A description of the western islands of Scotland, including the Isle of Man : comprising an account of their geological structure; with remarks on their agriculture, scenery, and antiquities",blbooks
1819,"A historical and descriptive view of the Parishes of Monkwearmouth and Bishopwearmouth and the Port and Borough of Sunderland, etc",blbooks
1819,"A new geographical, historical, and commercial grammar; and present state of the several kingdoms of the world ... The astronomical part by James Ferguson, F.R.S, to which have been added the late discoveries of Dr. Herschel ... Illustrated with a correct set of maps, engraved from the most recent observations and draughts of geographical travellers. The twentieth edition, corrected and considerably enlarged",blbooks
1819,"A series of views in Islington and Pentonville, from original drawings, made in the year 1818, by Augustus Pugin, with a description of each subject by Edward Wedlake Brayley",blbooks
1819,"A short Account of Mont Blanc and the Valley of Chamouni, now exhibiting in models, in relief, by J. B. Troye, etc",blbooks
1819,A statistical account of the county of Middlesex in Connecticut,blbooks
1819,A tour through the Western Country ... published for the use of emigrants,blbooks
1819,"Abrégé des révolutions de l'ancien gouvernement françois. Ouvrage élémentaire, extrait de l'Abbé Dubos et de l'Abbé Mably, par Thouret ... Seconde édition [Edited by Guillaume F. A. Thouret.]",blbooks
1819,"Airs, choruses, etc. etc. in the new dramatick legend call'd the G. K, or, the Giant-Mountains, etc",blbooks
1819,"Almegro; a poem, in five cantos",blbooks
1819,"Ambition, a poetical essay: by Beppo Cambrienze",blbooks
1819,"An Abridgment of the Report from the Select Committee of the House of Commons, on the Highways of the Kingdom",blbooks
1819,"An Historical Sketch of the Progress of Knowledge in England, from the conversion of the Anglo-Saxons, to the end of the reign of Queen Elisabeth [With a portrait.] L.P",blbooks
1819,"An appeal from the judgments of Great Britain respecting the United States of America. Part First, containing an historical outline of their merits and wrongs as colonies; and strictures upon the calumnies of the British writers",blbooks
1819,"An essay concerning human understanding ... The twentieth edition, etc",blbooks
1819,An essay on the instruction and amusements of the blind [Translated from the French.] With engravings,blbooks
1819,An history of Birmingham ... With a new introduction by Christopher R. Erington,blbooks
1819,"Annals of Ireland, [from Sept. 16, 1643 to Jan. 15, 1653,] Ecclesiastical, Civil, and Military. (The Faith of Catholics: [a review of 'The Faith of Catholics,' etc. by Messrs. Berington and Kirk.])",blbooks
1819,"Annals of Peterhead, from its foundation to the present time ... With plates, engraved by the author",blbooks
1819,Areopagitica [A facsimile of the 1644 edition.],blbooks
1819,"Benjamin the Waggoner, a ryghte merrie and conceited tale in verse, etc [The introduction signed: Peter Plague'em. A parody on William Wordsworth by John Hamilton Reynolds?]",blbooks
1819,Beppo in London : a metropolitan story,blbooks
1819,Childe Harold's Pilgrimage. A romaunt [Cantos I and II. With fourteen other poems.],blbooks
1819,"Clio's Protest; or, The Picture Varnished ... With other poems [Preceded by The Bath Picture; or a slight sketch of its beauties in 1771. A ballad by Mr. Fitzpatrick.]",blbooks
1819,Don Juan [Cantos I. and II.],blbooks
1819,"Emigration; a poem, in imitation of the third Satire of Juvenal",blbooks
1819,Epistle [in verse] to T. Moore Esq. in imitation of the thirteenth Satire of Juvenal,blbooks
1819,Evadne ... Fourth edition [Based on James Shirley's 'The Traytor'.],blbooks
1819,Evadne ... Second edition [Based on James Shirley's 'The Traytor'.],blbooks
1819,"Evadne; or, The Statue; a tragedy in five acts [and in verse. Based on J. Shirleys 'The Traitor']",blbooks
1819,"Extempore to Walter Scott, Esq, on the publication of the new edition of the Bridal of Triermain, etc [Signed: S. K. C, i.e. R. P. Gillies?]",blbooks
1819,"Extracts from a Supplementary Letter from the Illinois; an Address to British Emigrants; and a Reply to the Remarks of William Cobbett, Esq",blbooks
1819,Facts and observations respecting Canada and the United States of America: affording a comparative view of the inducements to emigration presented in those countries ... To which is added an appendix of ... instructions to emigrant settlers in the British Colonies,blbooks
1819,"Festival in commemoration of Robert Burns, and to promote a subscription to erect a national monument to his memory at Edinburgh: held ... in London ... May 5, 1819, etc [A list of toasts and words of songs sung at the dinner.]",blbooks
1819,Fireside Amusements [Verses.],blbooks
1819,"First Impressions on a Tour upon the Continent in the summer of 1818, through parts of France, Italy, Switzerland, the borders of Germany, and a part of French Flanders [With plates.]",blbooks
1819,"France as it is, not Lady Morgan's France",blbooks
1819,"Fredolfo; a tragedy, in five acts [and in verse]",blbooks
1819,"Greenland, and other poems",blbooks
1819,"Guilt, or, the Gipsey's Prophecy: a tragedy [in five acts and in verse] by A. M. Followed by Schiller's 'Ideal' and 'The Cranes of Ibycus.' Translated from the ... German by W. E. Frye",blbooks
1819,"Hamlet, and As You like It. A specimen of a new edition of Shakespeare",blbooks
1819,"Het distrikt van Sluis in Vlaanderen beschouwd in deszelfs wording, natuurlijke, burgerlijke en zedelijke gestelheid",blbooks
1819,Histoire de France pendant le dix-huitième siècle. Quatrième édition,blbooks
1819,Histoire des Troubles survenus en Béarn dans le 16e et la moitié du 17e siècles,blbooks
1819,"History of Seyd Said, Sultan of Muscat, together with an account of the countries and people on the shores of the Persian Gulf, particularly the Wahabees by Shaik Mansur [i.e. V. M.] ... Translated from the original Italian MS",blbooks
1819,"Iceland; or the Journal of a residence in that island, during the years 1814 and 1815 ... Illustrated with a map and engravings. The second edition",blbooks
1819,"Il Corsaro, novella di Lord Byron; versione in prosa di L. C",blbooks
1819,"Import and Navigation Laws of the United States, passed April 20, 1818, and Treasury Instructions of 25th May, 1818",blbooks
1819,"Infallible Guide to a pleasant marriage and happy life, etc [In verse.]",blbooks
1819,"J, the Giant Queller: or, Prince Juan [A satire on George IV. In verse.]",blbooks
1819,Jehova-Tsidkenu: the Lord our righteousness. In verse,blbooks
1819,"Journey from Moscow to Constantinople, in the years 1817, 1818",blbooks
1819,"Lectures on the Philosophy of History, accompanied with notes and illustrative engravings, etc [With a memoir of the author.]",blbooks
1819,"Letters from Dr. J. G. in defence of his Essay on the difference of the relation between motive and action, and that of cause and effect in physics: with replies by A. Crombie",blbooks
1819,"Letters from Palestine, descriptive of a Tour through Galilee and Judæa, with some account of the Dead Sea, and of the present state of Jerusalem [Letter 21 signed Th. R. J, i.e. T. R. Joliffe.]",blbooks
1819,"Letters from Portugal, Spain and France, during the memorable campaigns of 1811, 1812, & 1813; and from Belgium and France in the year 1815. By a British Officer [James Hope]",blbooks
1819,"Letters from the Continent during ... October, November and December 1818: including a visit to Aix-la-Chapelle and the left bank of the Rhine",blbooks
1819,"Letters from the North of Italy, etc [By W. S. R, i.e. W. S. Rose.]",blbooks
1819,"Lines written at Ampthill Park, in the autumn of 1818 [By Henry Luttrell.]",blbooks
1819,"Loyal Effusions. A selection of odes, songs ... by an old naval officer; as incitements to perseverance in heroism, by the Army and Navy, etc",blbooks
1819,"Mazeppa, a poem",blbooks
1819,"Melodrame Mad! or the Siege of Troy. A new, comic ... melange, etc",blbooks
1819,"Memoir and notice explanatory of a Chart of Madagascar and the north-eastern Archipelago of Mauritius; drawn up ... under the auspices and government of [and edited by] ... R. T. Farquhar. ... Now first published in the original French, with an English translation, together with some observations on the coast of Africa, (communicated by - Saulnier de Mondevit,) and a brief notice on the winds on the coast of Madagascar (by M. Barbarin) [With the chart.] Fr. and Eng",blbooks
1819,"Memoirs of the Court of Louis XIV, comprising biography and anecdotes of the most celebrated characters of that period",blbooks
1819,"Mercator; or, the Voyage of Life, and several smaller poems, etc",blbooks
1819,"Mission from Cape Coast Castle to Ashantee; with a statistical account of that kingdom, and geographical notices of other parts of the interior of Africa [With plates and maps.]",blbooks
1819,"Monody on the death of J. H, etc",blbooks
1819,"Montalto; or, the Heart Unveiled: ... with other poems",blbooks
1819,Mémoires pour servir à l'histoire de la révolution de Saint-Domingue [1789-1818.] ... Avec une carte nouvelle de l'île et un plan topographique de la Crète-à-Pierrot,blbooks
1819,"Mémoires sur l'Expédition de Quiberon, précédés d'une notice sur l'émigration de 1791, et sur les trois campagnes des années 1792, 1793, 1794 [Compiled from the notes of L. G. de V.-L.-B, by J. Bocous], etc",blbooks
1819,"Narrative of a Journey in Persia, in the suite of the Imperial Russian Embassy, in ... 1817. Translated from the German. Illustrated by plates [Edited by A. F. F. von Kotzebue.]",blbooks
1819,"Narrative of a voyage to the Spanish Main, in the ship 'Two Friends'; the occupation of Amelia Island by M'Gregor, etc.; Sketches of the Province of East Florida; and anecdotes ... of the Seminole Indians: with an Appendix, containing a detail of the Seminole war, and the execution of Arbuthnot and Ambrister",blbooks
1819,"Narrative of two Excursions to the Ports of England, Scotland, and Ireland ... Translated from the French ... and illustrated by notes ... by the Translator",blbooks
1819,"Narratives of J. Pritchard, P. C. Pambrun, and F. D. Heurter, respecting the aggressions of the North-West Company, against the Earl of Selkirk's Settlement upon Red River",blbooks
1819,"Noble's Instructions to Emigrants: an attempt to give a correct account of the United States of America, and offer some information ... to those who have a wish to emigrate to that Republic, etc",blbooks
1819,"Notes on a journey in America, from the coast of Virginia to the territory of Illinois ... The third edition",blbooks
1819,Notices on the claims of the Hudson's Bay Company: to which is added a copy of their Royal charter [By Samuel Gale.],blbooks
1819,Nugae Canorae. (Poems.),blbooks
1819,"Observations on Emigration to the United States of America, illustrated by original facts",blbooks
1819,"Occurrences during a six month's residence in the province of Calabria Ulteriore ... in ... 1809-10, etc",blbooks
1819,"On the Character of Idolatry; and on the propagation of Christianity, in the Eastern Colonial possessions of Britain. Two sermons [on 1 Cor. xii. 2 and Mal. i. 11 respectively] ... With notes",blbooks
1819,On the Nature and Tendency of Blasphemous Opinions. A sermon [on Ps. lxxiv. 10],blbooks
1819,On the sentient faculty and principles of human magnetism; translated from the French of Count de Redern ... with notes by F. Corbeaux,blbooks
1819,"Original poems. The Fatal Seduction, ... the Mendicant, ... with other pieces",blbooks
1819,"Peter Bell. A lyrical ballad [By J. H. Reynolds. Signed: W. W, purporting to be by William Wordsworth.]",blbooks
1819,"Peter's Letters to his kinsfolk [By J. G. Lockhart, assisted by Christopher North.] The second edition. (Postscript to the third edition of Peter's Letters.)",blbooks
1819,"Philibert; a poetical romance, [in six cantos; with notes.]",blbooks
1819,"Poems and Essays ... Fifteenth edition, etc",blbooks
1819,Poems founded on the events of the War in the Peninsula. By the wife of an officer,blbooks
1819,"Poems on various subjects. By a Young Lady, etc",blbooks
1819,Poetical effusions on the fear of the Lord,blbooks
1819,"Poetry of the College Magazine [The editors preface signed: W. B, i.e. Walter Blunt?]",blbooks
1819,Political and Literary Anecdotes of his own times. Dy Dr. W. K,blbooks
1819,Pompeii. A poem,blbooks
1819,"Proceedings in Parga and the Ionian Islands, with a series of correspondence and other justificatory documents [With a map.]",blbooks
1819,Proceedings in the Court of Chancery against the corporation of Ludlow as Trustees of Mr. Foxe's Charity for pulling down St. Leonard's Chapel ... To which are added observations on the Corporate Rights and Parliamentary representation of the Inhabitants of Ludlow. And also an Essay on Borough Influence,blbooks
1819,"Recollections of Japan ... With observations on the geography, climate, population, and productions of the country ... To which are prefixed chronological details of the rise, decline, and renewals of British commercial intercourse with that country. (Account of the voyages of Messrs. Chwostoff and Dawidoff.)",blbooks
1819,"Redevoering over het oogpunt, waaruit in den tegenwoordigen tijd de beoefening der vaderlandsche geschiedenis moet beschouwd worden",blbooks
1819,"Reform, a [satirical] dialogue [in verse] . (An imitation of Horace, Book 3, Ode 6.)",blbooks
1819,"Remarks, Critical and Moral, on the Talents of Lord Byron, and the tendencies of Don Juan. By the author of Hypocrisy, a satire, with notes and anecdotes, political and historical [The dedication signed: C. C. C, i.e. Charles C. Colton.]",blbooks
1819,"Report from the Select Committee to whom the several Petitions from the Royal Burghs of Scotland were referred; with the Minutes of Evidence relative to the case of Aberdeen. Ordered ... to be printed, 12th July, 1819",blbooks
1819,"Report on the statements of the Lord Provost [i.e. K. Mackenzie] and Mr. A. Bruce, respecting the affairs of the city of Edinburgh, ... submitted to the Committee of the Guildry ... with an appendix, containing abstracts of the city's income and expenditure, for 12 years preceding Martinmas 1818, etc [With MS. note by Lord H. Cockburn.]",blbooks
1819,"Report to the Right Honourable the Lord Provost, Magistrates, and Council of Edinburgh, ... on a plan for laying out the new town between Edinburgh and Leith. Submitted to them 12th April, 1819. MS. note [by Lord Cockburn]",blbooks
1819,"Rochester; or, King Charles the Second's Merry Days: a burletta in three acts [and in prose, with songs]",blbooks
1819,Sacred Beauties; a poetical work,blbooks
1819,"Self-Sacrifice; or, the Maid of the Cottage; a melo-drama in two acts [and in prose]",blbooks
1819,"Shakespeare's Genius justified: being restorations and illustrations of seven hundred passages in Shakspeare's plays, etc",blbooks
1819,"Sketch of a Tour in the Highlands of Scotland through Perthshire, Argyleshire, and Inverness-shire in September and October, 1818. With some account of the Caledonian Canal",blbooks
1819,Sketches of America. A narrative of a journey of five thousand miles through the Eastern and Western States of America ... with remarks on Mr. Birkbeck's 'Notes' and 'Letters.' Second edition,blbooks
1819,"Sketches of Louisville and its environs; including ... a Florula Louisvillensis ... To which is added an appendix, containing an accurate account of the earthquakes experienced here from the 16th December, 1811, to the 7th February, 1812, extracted principally from the papers of the late J. Brookes, Esq",blbooks
1819,"Sound Mind; or, contributions to the natural history and physiology of the human intellect",blbooks
1819,"South American Independence. The Speech of His Excellency Gen. Bolivar on the Act of Installation of the Second National Congress of Venezuela, Feb. 15, 1819 ... with an accurate account of the proceedings, etc",blbooks
1819,Tales of the Hall,blbooks
1819,"Tancred, a tale; and other poems. By the author of Conrad, a tragedy [Alfred Bunn], etc",blbooks
1819,The Arab: a tale. In three Cantos,blbooks
1819,The Art of Fishing. A poem,blbooks
1819,The Aubid: an eastern tale [In verse.],blbooks
1819,The Banquet: in three cantos [By Hans Busk.],blbooks
1819,The Battle of Waterloo: a tragedy [in five acts and in prose],blbooks
1819,"The Bridal of Triermain, and Harold the Dauntless. Two poems ... Fourth edition",blbooks
1819,The Carib Chief ... Second edition,blbooks
1819,The Carib Chief; a tragedy in five acts [and in verse],blbooks
1819,"The Charter. Lines addressed by H. M. W. to her Nephew, A. C. L. Coquerel, on his wedding-day",blbooks
1819,The Circle or Historical Survey of Sixty Parishes and Towns in Cornwall [With ten engraved plates.],blbooks
1819,"The Dessert, a poem, to which is added The Tea, by the author of 'The Banquet' [i.e. Hans Busk] [With plates.]",blbooks
1819,"The Disagreeable S.; or, Taken up and Taken in! A musical farce in two acts [and in prose, with songs]",blbooks
1819,"The Eighth (ninth, tenth, twelfth) Report of the Auxiliary Bible Society of Bradford and its vicinity: to which are added, the proceedings at the Anniversary Meeting, etc",blbooks
1819,"The Emigrant's Directory to the Western States of North America; including a voyage out from Liverpool; the geography and topography of the whole Western country, etc",blbooks
1819,The Fall of the Leaf; and other poems,blbooks
1819,The Field of Peterloo: a poem. Written in commemoration of the Manchester Massacre: with an admonitory Epistle to the P-e R-t [i.e. Prince Regent] . The whole being an anti-sympathetic response to 'The New Whig Guide' (entitled 'The Fudger Fudged') ; proving him to be no pilot in a storm,blbooks
1819,"The History of the County of Cambridge from the earliest account to the present time, etc",blbooks
1819,"The House of Atreus, and the House of Laius; tragedies founded on the Greek drama; with a preface on the peculiarities of its structure and moral principles; and other poems",blbooks
1819,"The Italians; or, the Fatal Accusation: a tragedy [In verse.] With a preface; containing the correspondence of the author with the committee of Drury Lane Theatre; P. Moore, Esq. M.P.; and Mr. Kean. By the author of 'The Philosophy of Nature.' [The preface signed: C. B, i.e. Charles Bucke.]",blbooks
1819,The Muse in Idleness [Poems.],blbooks
1819,"The Mélange, containing the Lunarian, a tale, in five cantos. Wonders, in two parts. The Picture Gallery, in nine cantos. And various other pieces, in verse. By F........ C. [i.e. Frederick Corfield]",blbooks
1819,"The New Builder's Magazine, and Complete Architectural Library, for architects, surveyors, carpenters, etc",blbooks
1819,"The Past, etc [Poems.]",blbooks
1819,"The Peasant of Auburn, or the old man's tale [A poem.]",blbooks
1819,"The Picture of Yarmouth; being a compendious history and description of all the public establishments within that borough; together with a concise topographical account of ancient and modern Yarmouth, including its fisheries, etc. With numerous plates",blbooks
1819,"The Poetical Remains of ... Dr. John Leyden. With memoirs of his life, by ... J. Morton",blbooks
1819,The Political House that Jack built [By W. Hone.] Nineteenth edition,blbooks
1819,The Political and Miscellaneous Works of Thomas Paine [With a Life of Paine by R. Carlile.],blbooks
1819,"The Prose Works of Robert Burns; containing his letters and correspondence, literary and critical; and amatory epistles, including letters to Clarinda, &c. &c. Embellished with nine ... engravings",blbooks
1819,The Queen's Wake: a legendary poem. Fifth edition [With notes.],blbooks
1819,"The Reports on the present state of the United Provinces of South America; drawn up by Messrs. Rodney and Graham, ... with ... notes by the Editor; and an introductory discourse, etc",blbooks
1819,The Stage: a poem,blbooks
1819,"The Tale of Gismunda & Guiscardo, a poem. MS. note",blbooks
1819,The Tribute of a Friend [Verses in memory of T. W. C. Darby.],blbooks
1819,"The Vale of Slaughden, a poem, in five cantos",blbooks
1819,"The Vestriad, a poem [With plates.]",blbooks
1819,"The Widow of the City of Naïn, and other poems. By an Under-Graduate of Cambridge [T. Dale]",blbooks
1819,The Wizard; or the Fatal Banquet. A poem,blbooks
1819,The Works of Lord Byron,blbooks
1819,"The Works of the late Miss Catherine Talbot. Eighth edition, etc",blbooks
1819,The Wrongs of Man; a satire: with notes,blbooks
1819,"The history of England, from the earliest times to the death of George II",blbooks
1819,"The history of the revolution of Caracas ... with a description of the Llaneros, or people of the plains of South America",blbooks
1819,"The history, civil and commercial, of the British Colonies in the West Indies [Vol. III. edited by Sir W. Young.] (Sketch of the life of the author by himself.)",blbooks
1819,The political House that Jack built [Satires in verse.] With ... cuts. Fifteenth edition,blbooks
1819,The shortness and uncertainty of human life. A sermon [on Ps. xc. 12] ... occasioned by the death of Mr. Josias Stansfeld,blbooks
1819,"The tourist's companion, or the history and antiquities of Harewood, in Yorkshire, giving a particular description of Harewood House, Church and Castle, etc [With a pedigree of the family of Lascelles.]",blbooks
1819,"Tour of the Grand Junction, illustrated with a series of engravings, with an historical and topographical description of those parts of the Counties of Middlesex, Hartfordshire, Buckinghamshire, Bedfordshire, and Northamptonshire, through which the Canal passes",blbooks
1819,"Travels in England, France, Spain and the Barbary States ... 1813-15",blbooks
1819,"Travels in France, in 1818",blbooks
1819,Travels in Nubia,blbooks
1819,"Travels in the Ionian Isles, Albania, Thessaly, Macedonia, ... during the years 1812 and 1813",blbooks
1819,"Travels of His Royal Highness the Duke d'Angoulême, through several departments of France, in 1817. Containing a statistical account of the principal commercial towns, the present state of their manufactures, etc",blbooks
1819,"Universal History Americanised; or, an historical view of the World, from the earliest records to the year 1808; with a particular reference to the state of Society, literature, religion, and form of government, in the United States of America. To which is annexed, a supplement, containing a brief view of history from ... 1808 to the battle of Waterloo. (History of the United States from their first settlement as English colonies ... to ... 1808 ... Continued to the treaty of Ghent by S. S. Smith, and other literary gentlemen. Second edition, revised and corrected.)",blbooks
1819,View of the State of Europe during the Middle Ages,blbooks
1819,Views of Society and Manners in the North of Ireland; in a series of letters written in the year 1818,blbooks
1819,"Voyage along the Eastern Coast of Africa ... to St. Helena; to Rio de Janeiro, Bahia, and Pernambuco in Brazil, in the Nisus Frigate [With two charts.]",blbooks
1819,"Voyage of his Majesty's ship Alceste, to China ... Third edition",blbooks
1819,"Walking with God. A sermon [on Gen. v. 24] ... occasioned by the death of W. Hey, etc",blbooks
1819,"Walks through Ireland, in ... 1812, 1814, and 1817; described in a series of letters to an English Gentleman. (Biographical Memoirs of J. B. Trotter.)",blbooks
1819,"Warden refuted; being a defence of the British navy against the misrepresentations of a work ... entitled, 'A statistical ... account of the United States of North America,' by D. B. Warden, ... in a letter to the author of that work",blbooks
1819,"Young Arthur; or, the Child of mystery: a metrical romance",blbooks
1819,Δικαιαρχου ... Ἀναγραφη και Βιος Ἑλλαδος. Ἀννωνος περιπλους Λιβυης. Νικηφορου του Βλεμμιδου Γεωγραφια συνοπτικη. Του αὐτου ἱστορια περι της γης ἐν συνοψει. Cum Lucae Holstenii lucubrationibus ad priora duo opuscula. Accesserunt ad coeteros geographiae auctores Holstenii item notulae non antea editae. Haec omnia cura ac studio Gulielmi Manzi,blbooks
1819,Le Journal des Débats politiques et littéraires,bnfnewspaper
1819,Vaderlandsche letteroefeningen. Jaargang 1819,dbnl
1819,'s Gravenhaagsche courant,delpher
1819,Nederlandsche staatscourant,delpher
